X,Y,OBJECTID,FACILITY_INTERNAL_ID,FACILITY_NAME,ADDRESS,ADDRESS_2,CITY,STATE,ZIP,ZIP_4,LAT,LON,STATE_FIPS,COUNTY,COUNTY_FIPS,TYPE_DESC,SUB_TYPE_DESC,TYPE_CODE,FACILITY_TYPE_CODE,WI_LICENSE_NUM,ASPEN_FACILITY_ID,MEDICARE_ID
-88.00453,43.186748,1,783,ALEXIAN VILLAGE OF MILWAUKEE,9255 N 76th St,,Milwaukee,WI,53223,1058,43.186748,-88.00453,55,Milwaukee,55079,NURSING HOME (NH),SNF/NF DUAL CERT,2,21,3066,8870,525523
-87.45265,44.60624,2,784,ALGOMA MEDICAL CENTER,1510 Fremont St,,Algoma,WI,54201,1948,44.60624,-87.45265,55,Kewaunee,55061,NURSING HOME (NH),SNF/NF DUAL CERT,2,21,2952,1030,525533
-88.44271,43.78671,3,785,CROSSROADS CARE CENTER OF FOND DU LAC,115 E Arndt St,,Fond Du Lac,WI,54935,2461,43.78671,-88.44271,55,Fond Du Lac,55039,NURSING HOME (NH),SNF/NF DUAL CERT,2,21,2792,2070,525270
-92.43704,44.98205,4,786,HAMMOND HEALTH SERVICES,425 Davis St,,Hammond,WI,54015,9615,44.98205,-92.43704,55,Saint Croix,55109,NURSING HOME (NH),SNF/NF DUAL CERT,2,21,3217,1050,525499
-91.920126,44.89782,5,788,AMERICAN LUTHERAN HOME-MENOMONIE,915 Elm Ave E,,Menomonie,WI,54751,1613,44.89782,-91.920126,55,Dunn,55033,NURSING HOME (NH),SNF/NF DUAL CERT,2,21,2012,1070,525480
-88.170227,44.495452,6,789,ANNA JOHN RESIDENT CENTERED CARE COMMUNITY,2901 S Overland Rd,,Oneida,WI,54155,8959,44.495452,-88.170227,55,Brown,55009,NURSING HOME (NH),SNF/NF DUAL CERT,2,21,2553,6660,525695
-91.726006,44.99187,7,791,COLFAX HEALTH AND REHABILITATION CENTER,110 Park Dr,,Colfax,WI,54730,8902,44.99187,-91.726006,55,Dunn,55033,NURSING HOME (NH),SNF/NF DUAL CERT,2,21,1176,2260,525691
-90.890262,46.574675,8,792,ASHLAND HEALTH AND REHAB CTR,1319 Beaser Ave,,Ashland,WI,54806,3614,46.574675,-90.890262,55,Ashland,55003,NURSING HOME (NH),SNF/NF DUAL CERT,2,21,3204,1140,525386
-91.128931,44.688647,9,793,AUGUSTA HEALTH AND REHABILITATION,901 Bridge Creek Ln,,Augusta,WI,54722,2603,44.688647,-91.128931,55,Eau Claire,55035,NURSING HOME (NH),SNF/NF DUAL CERT,2,21,2083,1160,525535
-89.51567,42.996,10,794,BADGER PRAIRIE HCC,1100 E Verona Ave,,Verona,WI,53593,8717,42.996,-89.51567,55,Dane,55025,NURSING HOME (NH),SNF/NF DUAL CERT,2,21,2969,2710,525516
-92.370689,44.958411,11,795,BALDWIN CARE CENTER,650 Birch St,,Baldwin,WI,54002,9348,44.958411,-92.370689,55,Saint Croix,55109,NURSING HOME (NH),SNF/NF DUAL CERT,2,21,2285,5820,525502
-91.75796,45.51159,12,796,DOVE HEALTHCARE - RICE LAKE,910 Bear Paw Ave,,Rice Lake,WI,54868,1388,45.51159,-91.75796,55,Barron,55005,NURSING HOME (NH),SNF/NF DUAL CERT,2,21,2021,1410,525715
-91.849867,45.407914,13,797,BARRON CARE AND REHABILITATION,660 E Birch Ave,,Barron,WI,54812,9130,45.407914,-91.849867,55,Barron,55005,NURSING HOME (NH),SNF/NF DUAL CERT,2,21,3038,1420,525648
-88.830857,43.445192,14,798,DYCORA TRANSITIONAL HEALTH - BEAVER DAM,410 Roedl Ct,,Beaver Dam,WI,53916,2934,43.445192,-88.830857,55,Dodge,55027,NURSING HOME (NH),SNF/NF DUAL CERT,2,21,2695,1450,525338
-89.313706,43.095409,15,803,BELMONT NURSING AND REHAB CTR,110 Belmont Rd,,Madison,WI,53714,3129,43.095409,-89.313706,55,Dane,55025,NURSING HOME (NH),SNF/NF DUAL CERT,2,21,3153,2280,525074
-89.01085,42.547454,16,804,THE GREEN KNOLLS AT BELOIT,1905 W Hart Rd,,Beloit,WI,53511,2230,42.547454,-89.01085,55,Rock,55105,NURSING HOME (NH),SNF/NF DUAL CERT,2,21,3187,1500,525273
-89.08349,44.34421,17,805,BETHANY HOME,1226 Berlin St,,Waupaca,WI,54981,1991,44.34421,-89.08349,55,Waupaca,55135,NURSING HOME (NH),SNF/NF DUAL CERT,2,21,963,1540,525538
-91.218728,43.769199,18,806,BETHANY ST JOSEPH CARE CTR,2501 Shelby Rd,,La Crosse,WI,54601,8037,43.769199,-91.218728,55,La Crosse,55063,NURSING HOME (NH),SNF/NF DUAL CERT,2,21,2540,1550,525265
-91.245676,43.786241,19,807,BETHANY RIVERSIDE,2575 7th St S,,La Crosse,WI,54601,5249,43.786241,-91.245676,55,La Crosse,55063,NURSING HOME (NH),SNF/NF DUAL CERT,2,21,2707,1760,525455
-88.57443,44.02075,20,808,BETHEL HOME AND SERVICES,614 S Rock Ave,,Viroqua,WI,54665,1936,44.02075,-88.57443,55,Vernon,55123,NURSING HOME (NH),SNF/NF DUAL CERT,2,21,595,1580,525591
-90.891122,43.550844,21,809,BETHEL HOME,225 N Eagle St,,Oshkosh,WI,54902,4125,43.550844,-90.891122,55,Winnebago,55139,NURSING HOME (NH),SNF/NF DUAL CERT,2,21,2005,1590,525554
-92.10183,46.69487,22,811,TWIN PORTS HEALTH SERVICES,1612 N 37th St,,Superior,WI,54880,5404,46.69487,-92.10183,55,Douglas,55031,NURSING HOME (NH),SNF/NF DUAL CERT,2,21,2900,5720,525370
-87.993919,43.161729,23,812,VILLA AT BRADLEY ESTATES (THE),6735 W Bradley Rd,,Milwaukee,WI,53223,3325,43.161729,-87.993919,55,Milwaukee,55079,NURSING HOME (NH),SNF/NF DUAL CERT,2,21,2684,1680,525325
-88.697289,43.198574,24,814,DYCORA TRANSITIONAL HEALTH - WATERTOWN,121 Hospital Dr,,Watertown,WI,53098,3303,43.198574,-88.697289,55,Dodge,55027,NURSING HOME (NH),SNF/NF DUAL CERT,2,21,2696,9330,525333
-88.590548,44.765792,25,815,ATRIUM POST ACUTE CARE OF SHAWANO AT BIRCH HILL,1475 Birch Hill Ln,,Shawano,WI,54166,3707,44.765792,-88.590548,55,Shawano,55115,NURSING HOME (NH),SNF/NF DUAL CERT,2,21,2895,1620,525412
-90.228621,42.961822,26,816,BLOOMFIELD HEALTHCARE AND REHAB CENTER,3151 County Road Ch,,Dodgeville,WI,53533,9108,42.961822,-90.228621,55,Iowa,55049,NURSING HOME (NH),SNF/NF DUAL CERT,2,21,2364,1650,525474
-87.97592,44.50497,27,817,BORNEMANN NURSING HOME,226 Bornemann St,,Green Bay,WI,54302,3502,44.50497,-87.97592,55,Brown,55009,NURSING HOME (NH),SNF/NF DUAL CERT,2,21,2963,1670,525571
-87.85229,42.60312,28,818,BROOKSIDE CARE CENTER,3506 Washington Rd,,Kenosha,WI,53144,1654,42.60312,-87.85229,55,Kenosha,55059,NURSING HOME (NH),SNF/NF DUAL CERT,2,21,3155,1700,525556
-87.924616,44.522305,29,819,BROWN CTY COMM TREATMENT CTR-BAYSHORE VILLAGE,3150 Gershwin Dr,,Green Bay,WI,54311,4328,44.522305,-87.924616,55,Brown,55009,NURSING HOME (NH),SNF/NF DUAL CERT,2,21,2405,1710,525693
-92.686767,45.774397,30,820,BURNETT MEDICAL CENTER,257 W Saint George Ave,,Grantsburg,WI,54840,7827,45.774397,-92.686767,55,Burnett,55013,NURSING HOME (NH),SNF/NF DUAL CERT,2,21,2197,1740,525558
-88.09103,43.9466,31,821,ATRIUM POST ACUTE CARE OF NEW HOLSTEIN,1712 Monroe St,,New Holstein,WI,53061,1307,43.9466,-88.09103,55,Calumet,55015,NURSING HOME (NH),SNF/NF DUAL CERT,2,21,2366,2020,525546
-87.948556,42.939785,32,822,AUTUMN LAKE HEALTHCARE AT GREENFIELD,5790 S 27th St,,Milwaukee,WI,53221,4129,42.939785,-87.948556,55,Milwaukee,55079,NURSING HOME (NH),SNF/NF DUAL CERT,2,21,2230,2030,525504
-88.167361,43.054843,33,824,CARE AGE OF BROOKFIELD,1755 N Barker Rd,,Brookfield,WI,53045,1801,43.054843,-88.167361,55,Waukesha,55133,NURSING HOME (NH),SNF/NF DUAL CERT,2,21,3121,1200,525519
-89.05649,42.65627,34,825,CEDAR CREST HEALTH CENTER,1702 S River Rd,,Janesville,WI,53546,5648,42.65627,-89.05649,55,Rock,55105,NURSING HOME (NH),SNF/NF DUAL CERT,2,21,2201,2090,525649
-88.243453,43.392928,35,826,CEDAR LAKE HEALTH AND REHAB CENTER,5595 County Road Z,,West Bend,WI,53095,9224,43.392928,-88.243453,55,Washington,55131,NURSING HOME (NH),SNF/NF DUAL CERT,2,21,705,2100,525465
-87.981343,43.284059,36,827,CEDARBURG HEALTH SERVICES,N27W5707 Lincoln Blvd,,Cedarburg,WI,53012,2852,43.284059,-87.981343,55,Ozaukee,55089,NURSING HOME (NH),SNF/NF DUAL CERT,2,21,3156,4180,525578
-91.386841,44.915888,37,829,CHIPPEWA MANOR NURSING AND REHABILITATION,222 Chapman Rd,,Chippewa Falls,WI,54729,3253,44.915888,-91.386841,55,Chippewa,55017,NURSING HOME (NH),SNF/NF DUAL CERT,2,21,2627,2160,525419
-92.738101,44.971095,38,830,CHRISTIAN COMMUNITY HOME,1320 Wisconsin St,,Hudson,WI,54016,1861,44.971095,-92.738101,55,Saint Croix,55109,NURSING HOME (NH),SNF/NF DUAL CERT,2,21,2664,2500,525626
-88.739231,43.628496,39,831,CHRISTIAN HOME AND REHAB CTR,331 Bly St,,Waupun,WI,53963,1974,43.628496,-88.739231,55,Dodge,55027,NURSING HOME (NH),SNF/NF DUAL CERT,2,21,525,2180,525531
-87.828546,42.58008,40,834,CLAIRIDGE HOUSE,1519 60th St,,Kenosha,WI,53140,3954,42.58008,-87.828546,55,Kenosha,55059,NURSING HOME (NH),SNF/NF DUAL CERT,2,21,2823,5860,525431
-91.516794,44.796221,41,835,CLEARWATER CARE CENTER,2120 Heights Dr,,Eau Claire,WI,54701,6142,44.796221,-91.516794,55,Eau Claire,55035,NURSING HOME (NH),SNF/NF DUAL CERT,2,21,3224,3040,525364
-90.524239,44.945486,42,836,CLARK COUNTY REHABILITATION & LIVING CENTER,W4266 County Rd N # X,,Owen,WI,54460,8505,44.945486,-90.524239,55,Clark,55019,NURSING HOME (NH),SNF/NF DUAL CERT,2,21,2387,2210,525403
-88.6987,43.414346,43,837,CLEARVIEW,198 County Road Df,,Juneau,WI,53039,9515,43.414346,-88.6987,55,Dodge,55027,NURSING HOME (NH),SNF/NF DUAL CERT,2,21,2380,2760,525453
-88.029587,42.97228,44,839,CLEMENT MANOR HEALTH CARE CENTER,3939 S 92nd St,,Greenfield,WI,53228,2140,42.97228,-88.029587,55,Milwaukee,55079,NURSING HOME (NH),SNF/NF DUAL CERT,2,21,2724,2490,525327
-90.325014,44.918033,45,840,COLONIAL CENTER,702 W Dolf St,,Colby,WI,54421,9604,44.918033,-90.325014,55,Clark,55019,NURSING HOME (NH),SNF/NF DUAL CERT,2,21,3080,2270,525350
-87.930545,43.130704,46,841,DYCORA TRANSITIONAL HEALTH - MILWAUKEE,1616 W Bender Rd,,Glendale,WI,53209,3802,43.130704,-87.930545,55,Milwaukee,55079,NURSING HOME (NH),SNF/NF DUAL CERT,2,21,3178,2300,525309
-89.614433,44.97456,47,842,BAY AT COLONIAL MANOR  HEALTH AND REHAB (THE),1010 E Wausau Ave,,Wausau,WI,54403,3101,44.97456,-89.614433,55,Marathon,55073,NURSING HOME (NH),SNF/NF DUAL CERT,2,21,3234,2290,525405
-89.312966,43.496424,48,844,COLUMBIA HEALTH CARE CENTER,323 W Monroe St,PO Box 895,Wyocena,WI,53969,895,43.496424,-89.312966,55,Columbia,55021,NURSING HOME (NH),SNF/NF DUAL CERT,2,21,2418,2310,525372
-89.030889,43.332587,49,845,COLUMBUS HEALTH AND REHAB,825 Western Ave,,Columbus,WI,53925,1675,43.332587,-89.030889,55,Columbia,55021,NURSING HOME (NH),SNF/NF DUAL CERT,2,21,3116,2320,525445
-91.89695,45.825496,50,846,MAPLE RIDGE CARE CENTER,510 1st St,,Spooner,WI,54801,1241,45.825496,-91.89695,55,Washburn,55129,NURSING HOME (NH),SNF/NF DUAL CERT,2,21,1164,2330,525673
-90.313591,44.944702,51,848,DYCORA TRANSITIONAL HEALTH - ABBOTSFORD,600 E Elm St,,Abbotsford,WI,54405,9682,44.944702,-90.313591,55,Marathon,55073,NURSING HOME (NH),SNF/NF DUAL CERT,2,21,2874,2380,525435
-89.005838,43.533082,52,849,RANDOLPH HEALTH SERVICES,502 S High St,,Randolph,WI,53956,1499,43.533082,-89.005838,55,Dodge,55027,NURSING HOME (NH),SNF/NF DUAL CERT,2,21,2290,2370,525355
-91.14385,45.1706,53,850,CORNELL HEALTH SERVICES,320 N 7th St,,Cornell,WI,54732,8120,45.1706,-91.14385,55,Chippewa,55017,NURSING HOME (NH),SNF/NF DUAL CERT,2,21,3216,2390,525637
-88.824552,42.994172,54,851,"ALDEN ESTATES OF COUNTRYSIDE, INC",1130 Collins Rd,,Jefferson,WI,53549,2939,42.994172,-88.824552,55,Jefferson,55055,NURSING HOME (NH),SNF/NF DUAL CERT,2,21,2390,2410,525271
-90.893195,46.586354,55,852,COURT MANOR HEALTH SERVICES,911 3rd St W,,Ashland,WI,54806,1311,46.586354,-90.893195,55,Ashland,55003,NURSING HOME (NH),SNF/NF DUAL CERT,2,21,2731,2420,525328
-89.068209,44.342153,56,854,CROSSROADS CARE CENTER OF CRYSTAL RIVER,1401 Churchill St,,Waupaca,WI,54981,2027,44.342153,-89.068209,55,Waupaca,55135,NURSING HOME (NH),SNF/NF DUAL CERT,2,21,2800,7680,525339
-92.029549,45.531037,57,855,CARE AND REHAB - CUMBERLAND,1100 7th Ave,,Cumberland,WI,54829,9138,45.531037,-92.029549,55,Barron,55005,NURSING HOME (NH),SNF/NF DUAL CERT,2,21,952,2460,525712
-89.466466,43.566631,58,857,TIVOLI AT DIVINE SAVIOR HEALTHCARE,2805 Hunters Trl,,Portage,WI,53901,3429,43.566631,-89.466466,55,Columbia,55021,NURSING HOME (NH),SNF/NF DUAL CERT,2,21,2018,2750,525518
-87.35363,44.83266,59,858,DOOR COUNTY MEDICAL CENTER SNF,323 S 18th Ave,,Sturgeon Bay,WI,54235,1401,44.83266,-87.35363,55,Door,55029,NURSING HOME (NH),SNF/NF DUAL CERT,2,21,2196,2770,525377
-87.372498,44.838863,60,859,STURGEON BAY HEALTH SERVICES,200 N 7th Ave,,Sturgeon Bay,WI,54235,1708,44.838863,-87.372498,55,Door,55029,NURSING HOME (NH),SNF/NF DUAL CERT,2,21,2681,2780,525306
-91.529681,44.834262,61,860,DOVE HEALTHCARE-WEST,1405 Truax Blvd,,Eau Claire,WI,54703,1474,44.834262,-91.529681,55,Eau Claire,55035,NURSING HOME (NH),SNF/NF DUAL CERT,2,21,3195,2470,525387
-89.735116,45.881611,62,861,"AVANTI HEALTH AND REHABILITATION CENTER, LLC",9969 Old Highway 70,,Minocqua,WI,54548,9010,45.881611,-89.735116,55,Oneida,55085,NURSING HOME (NH),SNF/NF DUAL CERT,2,21,2629,2810,525678
-91.890921,44.88747,63,862,NEIGHBORS - CENTRAL NEIGHBORHOOD (THE),2901 Forbes Ave,,Menomonie,WI,54751,1519,44.88747,-91.890921,55,Dunn,55033,NURSING HOME (NH),SNF/NF DUAL CERT,2,21,2356,2800,525433
-89.13502,45.14273,64,864,BAY AT EASTVIEW HEALTH AND REHABILITATION (THE),729 Park St,,Antigo,WI,54409,2745,45.14273,-89.13502,55,Langlade,55067,NURSING HOME (NH),SNF/NF DUAL CERT,2,21,3233,8600,525410
-89.862903,44.35718,65,865,EDGEWATER HAVEN NURSING HOME,1351 Wisconsin River Dr,,Port Edwards,WI,54469,1041,44.35718,-89.862903,55,Wood,55141,NURSING HOME (NH),SNF/NF DUAL CERT,2,21,2369,3060,525088
-89.993268,43.554085,66,866,RIDGEVIEW TERRACE LONG TERM CARE,2350 N Dewey Ave,,Reedsburg,WI,53959,2316,43.554085,-89.993268,55,Sauk,55111,NURSING HOME (NH),SNF/NF DUAL CERT,2,21,2297,3080,525667
-92.488245,44.738659,67,867,ATRIUM POST ACUTE CARE OF ELLSWORTH,403 N Maple St,,Ellsworth,WI,54011,9037,44.738659,-92.488245,55,Pierce,55093,NURSING HOME (NH),SNF/NF DUAL CERT,2,21,3146,7160,525483
-89.312674,42.782685,68,868,EVANSVILLE MANOR NURSING AND REHAB,470 Garfield Ave,,Evansville,WI,53536,1014,42.782685,-89.312674,55,Rock,55105,NURSING HOME (NH),SNF/NF DUAL CERT,2,21,2259,2360,525418
-88.59757,44.765863,69,869,ATRIUM POST ACUTE CARE OF SHAWANO AT EVERGREEN,1250 S Evergreen St,,Shawano,WI,54166,3514,44.765863,-88.59757,55,Shawano,55115,NURSING HOME (NH),SNF/NF DUAL CERT,2,21,2896,3120,525343
-88.57406,44.03133,70,870,EVERGREEN HEALTH CENTER,1130 N Westfield St,,Oshkosh,WI,54902,3217,44.03133,-88.57406,55,Winnebago,55139,NURSING HOME (NH),SNF/NF DUAL CERT,2,21,2057,3130,525647
-90.07437,43.78291,71,871,FAIR VIEW NURSING AND REHABILITATION CENTER,1050 Division St,,Mauston,WI,53948,1931,43.78291,-90.07437,55,Juneau,55057,NURSING HOME (NH),SNF/NF DUAL CERT,2,21,2650,4130,525437
-88.73597,42.83824,72,873,FAIRHAVEN CORPORATION,435 W Starin Rd,,Whitewater,WI,53190,1133,42.83824,-88.73597,55,Walworth,55127,NURSING HOME (NH),SNF/NF DUAL CERT,2,21,1039,3310,525587
-88.14888,44.882099,73,875,ATRIUM POST ACUTE CARE OF OCONTO FALLS,100 E Highland Dr,,Oconto Falls,WI,54154,1001,44.882099,-88.14888,55,Oconto,55083,NURSING HOME (NH),SNF/NF DUAL CERT,2,21,2727,3340,525449
-90.865522,44.29552,74,876,ATRIUM POST ACUTE CARE OF BLACK RIVER FALLS,1311 Tyler St,,Black River Falls,WI,54615,1564,44.29552,-90.865522,55,Jackson,55053,NURSING HOME (NH),SNF/NF DUAL CERT,2,21,3211,3360,525488
-89.801772,44.408077,75,877,EDENBROOK OF WISCONSIN RAPIDS,130 Strawberry Ln,,Wisconsin Rapids,WI,54494,2156,44.408077,-89.801772,55,Wood,55141,NURSING HOME (NH),SNF/NF DUAL CERT,2,21,3236,3410,525429
-90.663032,42.982852,76,878,GOOD SAMARITAN SOCIETY-FENNIMORE,1850 11th St,,Fennimore,WI,53809,1612,42.982852,-90.663032,55,Grant,55043,NURSING HOME (NH),SNF/NF DUAL CERT,2,21,2062,3430,525425
-88.250152,45.927711,77,879,FLORENCE HEALTH SERVICES,5778 Chapin St,,Florence,WI,54121,9443,45.927711,-88.250152,55,Florence,55037,NURSING HOME (NH),SNF/NF DUAL CERT,2,21,2909,9360,525358
-88.44937,43.78541,78,881,FOND DU LAC LUTHERAN HOME,244 N Macy St,,Fond Du Lac,WI,54935,3362,43.78541,-88.44937,55,Fond Du Lac,55039,NURSING HOME (NH),SNF/NF DUAL CERT,2,21,47,3440,525655
-88.829063,42.934288,79,882,DYCORA TRANSITIONAL HEALTH - FORT ATKINSON,430 Wilcox St,,Fort Atkinson,WI,53538,1968,42.934288,-88.829063,55,Jefferson,55055,NURSING HOME (NH),SNF/NF DUAL CERT,2,21,2683,3470,525262
-89.52986,42.98745800000011,80,883,FOUR WINDS MANOR,303 S Jefferson St,,Verona,WI,53593,1415,42.987458,-89.52986,55,Dane,55025,NURSING HOME (NH),SNF/NF DUAL CERT,2,21,1002,3480,525656
-88.396786,44.289156,81,884,BRIDGES OF APPLETON (THE),2915 N Meade St,,Appleton,WI,54911,1509,44.289156,-88.396786,55,Outagamie,55087,NURSING HOME (NH),SNF/NF DUAL CERT,2,21,2943,1120,525484
-87.86342,42.896602,82,885,CHI FRANCISCAN VILLA,3601 S Chicago Ave,,South Milwaukee,WI,53172,3708,42.896602,-87.86342,55,Milwaukee,55079,NURSING HOME (NH),SNF/NF DUAL CERT,2,21,2185,3520,525526
-88.155076,43.061222,83,886,FRANCISCAN WOODS,19525 W North Ave,,Brookfield,WI,53045,4107,43.061222,-88.155076,55,Waukesha,55133,NURSING HOME (NH),SNF/NF DUAL CERT,2,21,3129,3510,525528
-92.463713,45.64421,84,887,FREDERIC NURSING AND REHAB COMMUNITY,205 United Way,,Frederic,WI,54837,8938,45.64421,-92.463713,55,Polk,55095,NURSING HOME (NH),SNF/NF DUAL CERT,2,21,3086,3490,525665
-89.428346,45.629261,85,888,FRIENDLY VILLAGE NURSING AND REHAB CENTER,900 Boyce Dr,,Rhinelander,WI,54501,3835,45.629261,-89.428346,55,Oneida,55085,NURSING HOME (NH),SNF/NF DUAL CERT,2,21,2751,3500,525459
-88.00163,43.17141,86,889,BRIA OF TRINITY VILLAGE,7500 W Dean Rd,,Milwaukee,WI,53223,2638,43.17141,-88.00163,55,Milwaukee,55079,NURSING HOME (NH),SNF/NF DUAL CERT,2,21,2444,3530,525498
-88.422361,42.58921,87,890,GENEVA LAKE MANOR,211 S Curtis St,,Lake Geneva,WI,53147,2052,42.58921,-88.422361,55,Walworth,55127,NURSING HOME (NH),SNF/NF DUAL CERT,2,21,2693,5030,525565
-92.162941,45.059277,88,892,GLENHAVEN,612 E Oak St,,Glenwood City,WI,54013,8520,45.059277,-92.162941,55,Saint Croix,55109,NURSING HOME (NH),SNF/NF DUAL CERT,2,21,852,3760,525602
-92.36576,45.3035,89,893,GOLDEN AGE MANOR,220 Scholl Ct,,Amery,WI,54001,1440,45.3035,-92.36576,55,Polk,55095,NURSING HOME (NH),SNF/NF DUAL CERT,2,21,2376,3800,525507
-89.717549,45.473945,90,894,TOMAHAWK HEALTH SERVICES,720 E King Rd,,Tomahawk,WI,54487,1513,45.473945,-89.717549,55,Lincoln,55069,NURSING HOME (NH),SNF/NF DUAL CERT,2,21,2733,3810,525334
-88.322167,44.524371,91,895,GOOD SHEPHERD SERVICES LTD,607 E Bronson Rd,,Seymour,WI,54165,1040,44.524371,-88.322167,55,Outagamie,55087,NURSING HOME (NH),SNF/NF DUAL CERT,2,21,2659,3940,525509
-88.058099,44.531042,92,896,GRANCARE NURSING CENTER,1555 Dousman St,,Green Bay,WI,54303,3207,44.531042,-88.058099,55,Brown,55009,NURSING HOME (NH),SNF/NF DUAL CERT,2,21,3131,3840,525486
-88.427487,43.778702,93,897,GRANCARE NURSING AND REHAB CTR,517 E Division St,,Fond Du Lac,WI,54935,3735,43.778702,-88.427487,55,Fond Du Lac,55039,NURSING HOME (NH),SNF/NF DUAL CERT,2,21,1044,P080,525522
-91.237808,44.291495,94,898,GRAND VIEW CARE CTR,620 Grand View Ave,PO Box 27,Blair,WI,54616,27,44.291495,-91.237808,55,La Crosse,55063,NURSING HOME (NH),SNF/NF DUAL CERT,2,21,2893,3860,525624
-87.748356,43.757919,95,900,SHEBOYGAN HEALTH SERVICES,3129 Michigan Ave,,Sheboygan,WI,53082,3062,43.757919,-87.748356,55,Sheboygan,55117,NURSING HOME (NH),SNF/NF DUAL CERT,2,21,2921,9370,525456
-88.757844,44.634637,96,901,GREENTREE HEALTH AND REHAB CTR,70 W Green Tree Rd,,Clintonville,WI,54929,1009,44.634637,-88.757844,55,Waupaca,55135,NURSING HOME (NH),SNF/NF DUAL CERT,2,21,3051,3890,525348
-90.063109,43.171624,97,902,GREENWAY MANOR,501 S Winsted,PO Box 759,Spring Green,WI,53588,759,43.171624,-90.063109,55,Sauk,55111,NURSING HOME (NH),SNF/NF DUAL CERT,2,21,2470,3900,525396
-88.0304,42.94702,98,903,HALES CORNERS CARE CTR,9449 W Forest Home Ave,,Hales Corners,WI,53130,1611,42.94702,-88.0304,55,Milwaukee,55079,NURSING HOME (NH),SNF/NF DUAL CERT,2,21,3172,4010,525596
-87.557122,44.15764,99,904,ATRIUM POST ACUTE CARE OF TWO RIVERS,1 Hamilton Dr,,Two Rivers,WI,54241,2335,44.15764,-87.557122,55,Manitowoc,55071,NURSING HOME (NH),SNF/NF DUAL CERT,2,21,2225,4020,525664
-88.245835,43.326339,100,906,PAVILION AT GLACIER VALLEY,1900 American Eagle Dr,,Slinger,WI,53086,9043,43.326339,-88.245835,55,Washington,55131,NURSING HOME (NH),SNF/NF DUAL CERT,2,21,3232,3710,525461
-91.4861,46.034747,101,907,WATER'S EDGE,11040 N State Road 77,,Hayward,WI,54843,3606,46.034747,-91.4861,55,Sawyer,55113,NURSING HOME (NH),SNF/NF DUAL CERT,2,21,2929,4050,525632
-89.74903,43.143671,102,908,HEARTLAND COUNTRY VILLAGE,634 Center St,,Black Earth,WI,53515,9544,43.143671,-89.74903,55,Dane,55025,NURSING HOME (NH),SNF/NF DUAL CERT,2,21,2944,1630,525521
-87.954678,43.045025,103,909,CROSSROADS CARE CENTER OF MILWAUKEE,3216 W Highland Blvd,,Milwaukee,WI,53208,3252,43.045025,-87.954678,55,Milwaukee,55079,NURSING HOME (NH),SNF/NF DUAL CERT,2,21,3162,7140,525417
-88.602987,44.762867,104,910,SHAWANO HEALTH SERVICES,1436 S Lincoln St,,Shawano,WI,54166,3427,44.762867,-88.602987,55,Shawano,55115,NURSING HOME (NH),SNF/NF DUAL CERT,2,21,3175,8130,525335
-90.277291,43.754413,105,912,ELROY HEALTH SERVICES,307 Royall Ave,PO Box 167,Elroy,WI,53929,167,43.754413,-90.277291,55,Juneau,55057,NURSING HOME (NH),SNF/NF DUAL CERT,2,21,2852,3070,525452
-87.730419,43.728511,106,913,SHEBOYGAN PROGRESSIVE HEALTH SERVICES,1902 Mead Ave,,Sheboygan,WI,53081,6140,43.728511,-87.730419,55,Sheboygan,55117,NURSING HOME (NH),SNF/NF DUAL CERT,2,21,2130,4100,525511
-87.871523,43.402097,107,914,HERITAGE HEALTH SERVICES,1119 N Wisconsin St,,Port Washington,WI,53074,1209,43.402097,-87.871523,55,Ozaukee,55089,NURSING HOME (NH),SNF/NF DUAL CERT,2,21,2328,4110,525586
-92.144266,44.781868,108,915,HERITAGE OF ELMWOOD NH,232 Springer Ave,,Elmwood,WI,54740,8806,44.781868,-92.144266,55,Pierce,55093,NURSING HOME (NH),SNF/NF DUAL CERT,2,21,2352,4120,525544
-87.98366,42.94892,109,916,DYCORA TRANSITIONAL HEALTH - GREENDALE,5404 W Loomis Rd,,Greendale,WI,53129,1411,42.94892,-87.98366,55,Milwaukee,55079,NURSING HOME (NH),SNF ONLY,2,23,3142,P180,525549
-91.49277,45.0977,110,917,ATRIUM POST ACUTE CARE OF BLOOMER,1840 Priddy St,,Bloomer,WI,54724,1546,45.0977,-91.49277,55,Chippewa,55017,NURSING HOME (NH),SNF/NF DUAL CERT,2,21,2807,4140,525580
-88.827874,43.447721,111,921,HILLSIDE MANOR,803 S University Ave,,Beaver Dam,WI,53916,3029,43.447721,-88.827874,55,Dodge,55027,NURSING HOME (NH),SNF/NF DUAL CERT,2,21,3140,1460,525447
-91.207304,43.779843,112,923,HILLVIEW HEALTH CARE CTR,3501 Park Lane Dr,,La Crosse,WI,54601,7747,43.779843,-91.207304,55,La Crosse,55063,NURSING HOME (NH),SNF/NF DUAL CERT,2,21,2657,4220,525426
-88.546787,42.683227,113,924,HOLTON MANOR,645 N Church St,,Elkhorn,WI,53121,2204,42.683227,-88.546787,55,Walworth,55127,NURSING HOME (NH),SNF/NF DUAL CERT,2,21,2665,4240,525541
-89.167538,44.822017,114,926,HOMME HOME FOR THE AGING,604 S Webb St,,Wittenberg,WI,54499,9040,44.822017,-89.167538,55,Shawano,55115,NURSING HOME (NH),SNF/NF DUAL CERT,2,21,306,4290,525527
-88.437331,43.588834,115,927,HOPE HEALTH AND REHAB,438 Ashford Ave,PO Box 280,Lomira,WI,53048,280,43.588834,-88.437331,55,Dodge,55027,NURSING HOME (NH),SNF/NF DUAL CERT,2,21,3222,4300,525642
-87.845975,42.548371,116,928,CROSSROADS CARE CENTER OF KENOSHA,8633 32nd Ave,,Kenosha,WI,53142,5187,42.548371,-87.845975,55,Kenosha,55059,NURSING HOME (NH),SNF/NF DUAL CERT,2,21,2793,4310,525282
-89.726858,43.016529,117,929,INGLESIDE MANOR,407 N 8th St,,Mount Horeb,WI,53572,1872,43.016529,-89.726858,55,Dane,55025,NURSING HOME (NH),SNF/NF DUAL CERT,2,21,2287,4510,525331
-89.128751,44.506739,118,930,"IOLA LIVING ASSISTANCE, INC",185 Chet Krause Dr,PO Box 237,Iola,WI,54945,237,44.506739,-89.128751,55,Waupaca,55135,NURSING HOME (NH),SNF/NF DUAL CERT,2,21,1199,4520,525487
-87.89489,43.04824,119,931,JEWISH HOME AND CARE CENTER,1414 N Prospect Ave,,Milwaukee,WI,53202,3018,43.04824,-87.89489,55,Milwaukee,55079,NURSING HOME (NH),SNF/NF DUAL CERT,2,21,2159,5670,525172
-88.943523,43.98016,120,932,JULIETTE MANOR,482 Oak St,,Berlin,WI,54923,1204,43.98016,-88.943523,55,Green Lake,55047,NURSING HOME (NH),SNF/NF DUAL CERT,2,21,1102,1530,525286
-87.829847,42.580228,121,935,KENOSHA ESTATES REHAB AND CARE CENTER,1703 60th St,,Kenosha,WI,53140,3986,42.580228,-87.829847,55,Kenosha,55059,NURSING HOME (NH),SNF/NF DUAL CERT,2,21,3085,8110,525125
-87.517616,44.450302,122,936,ATRIUM POST ACUTE CARE OF KEWAUNEE,1308 Lincoln St,,Kewaunee,WI,54216,1606,44.450302,-87.517616,55,Kewaunee,55061,NURSING HOME (NH),SNF/NF DUAL CERT,2,21,3198,4820,525357
-92.601989,44.863287,123,938,KINNIC HEALTH AND REHAB,1663 E Division St,,River Falls,WI,54022,1571,44.863287,-92.601989,55,Saint Croix,55109,NURSING HOME (NH),SNF/NF DUAL CERT,2,21,3095,7580,525513
-88.415363,42.791048,124,939,EAST TROY MANOR,3271 North St,,East Troy,WI,53120,1147,42.791048,-88.415363,55,Walworth,55127,NURSING HOME (NH),SNF/NF DUAL CERT,2,21,2548,3880,525561
-91.658302,45.313992,125,940,ATRIUM POST ACUTE CARE OF CHETEK,725 Knapp St,,Chetek,WI,54728,9106,45.313992,-91.658302,55,Barron,55005,NURSING HOME (NH),SNF/NF DUAL CERT,2,21,1038,4830,525672
-91.086865,45.473821,126,943,LADYSMITH NURSING HOME,1001 E 11th St N,,Ladysmith,WI,54848,1455,45.473821,-91.086865,55,Rusk,55107,NURSING HOME (NH),SNF/NF DUAL CERT,2,21,3062,5010,525592
-90.109838,42.681605,127,944,LAFAYETTE MANOR,719 E Catherine St # 167,,Darlington,WI,53530,1330,42.681605,-90.109838,55,Lafayette,55065,NURSING HOME (NH),SNF/NF DUAL CERT,2,21,2448,5020,525362
-88.493095,42.662685,128,945,LAKELAND HEALTH CARE CTR,1922 County Road Nn,,Elkhorn,WI,53121,4454,42.662685,-88.493095,55,Walworth,55127,NURSING HOME (NH),SNF/NF DUAL CERT,2,21,2416,5080,525625
-91.357169,44.948998,129,946,WISSOTA HEALTH AND REGIONAL VENT CENTER,2815 County Highway I,,Chippewa Falls,WI,54729,2656,44.948998,-91.357169,55,Chippewa,55017,NURSING HOME (NH),SNF/NF DUAL CERT,2,21,3168,2140,525379
-91.069616,43.901057,130,947,LAKEVIEW HEALTH CENTER,962 Garland St E,,West Salem,WI,54669,1308,43.901057,-91.069616,55,La Crosse,55063,NURSING HOME (NH),SNF/NF DUAL CERT,2,21,2395,5100,525726
-87.884454,43.056712,131,950,EDENBROOK LAKESIDE,2115 E Woodstock Pl,,Milwaukee,WI,53202,1342,43.056712,-87.884454,55,Milwaukee,55079,NURSING HOME (NH),SNF/NF DUAL CERT,2,21,3150,1510,525319
-90.707949,42.83632,132,951,ATRIUM POST ACUTE CARE OF LANCASTER,1350 S Madison St,,Lancaster,WI,53813,2167,42.83632,-90.707949,55,Grant,55043,NURSING HOME (NH),SNF/NF DUAL CERT,2,21,3077,5110,525352
-88.00611,43.299272,133,952,LASATA CARE CENTER,W76N677 Wauwatosa Rd,,Cedarburg,WI,53012,1707,43.299272,-88.00611,55,Ozaukee,55089,NURSING HOME (NH),SNF/NF DUAL CERT,2,21,2361,5130,525537
-89.378364,45.651074,134,954,RENNES HEALTH AND REHAB CENTER-RHINELANDER,1970 Navajo St,,Rhinelander,WI,54501,8890,45.651074,-89.378364,55,Oneida,55085,NURSING HOME (NH),SNF/NF DUAL CERT,2,21,1124,5140,525589
-87.848039,42.710118,135,957,VILLA AT LINCOLN PARK (THE),1700 C A Becker Dr,,Racine,WI,53406,4714,42.710118,-87.848039,55,Racine,55101,NURSING HOME (NH),SNF/NF DUAL CERT,2,21,2269,5170,525061
-88.13402,43.163919,136,958,LINDENGROVE MENOMONEE FALLS,W180N8071 Town Hall Rd,,Menomonee Falls,WI,53051,3518,43.163919,-88.13402,55,Waukesha,55133,NURSING HOME (NH),SNF/NF DUAL CERT,2,21,2973,5230,525421
-88.08478,42.98899,137,959,LINDENGROVE NEW BERLIN,13755 W Fieldpointe Dr,,New Berlin,WI,53151,3979,42.98899,-88.08478,55,Waukesha,55133,NURSING HOME (NH),SNF/NF DUAL CERT,2,21,2974,5210,525064
-88.267653,43.017972,138,960,LINDENGROVE WAUKESHA,425 N University Dr,,Waukesha,WI,53188,3174,43.017972,-88.267653,55,Waukesha,55133,NURSING HOME (NH),SNF/NF DUAL CERT,2,21,2972,5220,525422
-89.522595,43.323579,139,961,GOOD SAMARITAN SOCIETY-LODI,700 Clark St,,Lodi,WI,53555,1010,43.323579,-89.522595,55,Columbia,55021,NURSING HOME (NH),SNF/NF DUAL CERT,2,21,2086,5180,525520
-87.615573,45.075568,140,963,LUTHER HOME,831 Pine Beach Rd,,Marinette,WI,54143,4225,45.075568,-87.615573,55,Marinette,55075,NURSING HOME (NH),SNF/NF DUAL CERT,2,21,2155,5190,525476
-88.03011,43.10095,141,964,LUTHER MANOR,4545 N 92nd St,,Milwaukee,WI,53225,4807,43.10095,-88.03011,55,Milwaukee,55079,NURSING HOME (NH),SNF/NF DUAL CERT,2,21,934,5200,525588
-88.006113,43.061626,142,966,LUTHERAN HOME,7500 W North Ave,,Wauwatosa,WI,53213,1717,43.061626,-88.006113,55,Milwaukee,55079,NURSING HOME (NH),SNF/NF DUAL CERT,2,21,293,4270,525545
-88.915616,44.461486,143,967,MANAWA COM NUR CTR,400 E 4th St,,Manawa,WI,54949,9227,44.461486,-88.915616,55,Waupaca,55135,NURSING HOME (NH),SNF/NF DUAL CERT,2,21,2616,4330,525316
-88.404832,44.249685,144,969,MANORCARE HEALTH SERVICES,1335 S Oneida St,,Appleton,WI,54915,1351,44.249685,-88.404832,55,Outagamie,55087,NURSING HOME (NH),SNF/NF DUAL CERT,2,21,2742,1080,525264
-89.283366,43.087443,145,970,OAK PARK NURSING AND REHAB CTR,718 Jupiter Dr,,Madison,WI,53718,2950,43.087443,-89.283366,55,Dane,55025,NURSING HOME (NH),SNF/NF DUAL CERT,2,21,2858,1110,525266
-88.42016,43.77038,146,971,"FOND DU LAC NURSING AND REHAB, LLC",265 S National Ave,,Fond Du Lac,WI,54935,5334,43.77038,-88.42016,55,Fond Du Lac,55039,NURSING HOME (NH),SNF/NF DUAL CERT,2,21,2743,5360,525274
-88.009908,44.503757,147,972,CCC OF EAST GREEN BAY,600 S Webster Ave,,Green Bay,WI,54301,3503,44.503757,-88.009908,55,Brown,55009,NURSING HOME (NH),SNF/NF DUAL CERT,2,21,2744,1090,525009
-88.067693,44.533332,148,973,CCC OF WEST GREEN BAY,1760 Shawano Ave,,Green Bay,WI,54303,3216,44.533332,-88.067693,55,Brown,55009,NURSING HOME (NH),SNF/NF DUAL CERT,2,21,2745,1100,525232
-88.646046,44.742198,149,974,ATRIUM POST ACUTE CARE OF SHAWANO AT MAPLE LANE,N4231 State Highway 22,,Shawano,WI,54166,6130,44.742198,-88.646046,55,Shawano,55115,NURSING HOME (NH),SNF/NF DUAL CERT,2,21,2579,5350,525689
-92.553357,45.117183,150,975,"DEERFIELD CARE CENTER, LLC",575 Hospital Rd,,New Richmond,WI,54017,1449,45.117183,-92.553357,55,Saint Croix,55109,NURSING HOME (NH),SNF/NF DUAL CERT,2,21,2706,5370,525019
-91.503682,45.104802,151,976,DOVE HEALTHCARE - BLOOMER,2217 Duncan Rd,,Bloomer,WI,54724,1214,45.104802,-91.503682,55,Chippewa,55017,NURSING HOME (NH),SNF/NF DUAL CERT,2,21,2028,1640,525479
-88.020923,42.989746,152,977,MAPLEWOOD CENTER,8615 W Beloit Rd,,West Allis,WI,53227,3711,42.989746,-88.020923,55,Milwaukee,55079,NURSING HOME (NH),SNF/NF DUAL CERT,2,21,2153,5580,525069
-89.735608,43.278997,153,978,MAPLEWOOD OF SAUK PRAIRIE,245 Sycamore St,,Sauk City,WI,53583,1013,43.278997,-89.735608,55,Sauk,55111,NURSING HOME (NH),SNF/NF DUAL CERT,2,21,2249,5380,525462
-91.34152,44.09179,154,982,MARINUKA MANOR,19475 Silver Creek Rd,,Galesville,WI,54630,6400,44.09179,-91.34152,55,Trempealeau,55121,NURSING HOME (NH),SNF/NF DUAL CERT,2,21,2498,5430,525628
-88.706013,43.202595,155,983,MARQUARDT MEMORIAL MANOR,1020 Hill St,,Watertown,WI,53098,3016,43.202595,-88.706013,55,Dodge,55027,NURSING HOME (NH),SNF/NF DUAL CERT,2,21,2143,5450,525543
-90.192277,44.654776,156,984,ATRIUM POST ACUTE CARE OF MARSHFIELD,814 W 14th St,,Marshfield,WI,54449,4030,44.654776,-90.192277,55,Wood,55141,NURSING HOME (NH),SNF/NF DUAL CERT,2,21,3081,5460,525304
-88.035108,43.002985,157,985,MARY JUDE NURSING HOME,9806 W Lincoln Ave,,West Allis,WI,53227,2234,43.002985,-88.035108,55,Milwaukee,55079,NURSING HOME (NH),SNF/NF DUAL CERT,2,21,2962,4620,525432
-88.00503,45.780752,158,986,MARYHILL MANOR,501 Madison Ave,,Niagara,WI,54151,1350,45.780752,-88.00503,55,Marinette,55075,NURSING HOME (NH),SNF/NF DUAL CERT,2,21,2964,5470,525467
-89.640468,44.989118,159,987,BENEDICTINE MANOR OF WAUSAU,1821 N 4th Ave,,Wausau,WI,54401,1910,44.989118,-89.640468,55,Marathon,55073,NURSING HOME (NH),SNF/NF DUAL CERT,2,21,2674,5290,525503
-88.472308,43.020517,160,988,MASONIC CENTER FOR HEALTH & REHAB INC,400 N Main St,,Dousman,WI,53118,9348,43.020517,-88.472308,55,Waukesha,55133,NURSING HOME (NH),SNF/NF DUAL CERT,2,21,2869,9540,525572
-88.55716,43.49143,161,989,CROSSROADS CARE CENTER OF MAYVILLE,305 S Clark St,,Mayville,WI,53050,1488,43.49143,-88.55716,55,Dodge,55027,NURSING HOME (NH),SNF/NF DUAL CERT,2,21,3193,5390,525616
-88.868181,42.563142,162,990,ALDEN MEADOW PARK HCC,709 Meadow Park Dr,PO Box 309,Clinton,WI,53525,309,42.563142,-88.868181,55,Rock,55105,NURSING HOME (NH),SNF/NF DUAL CERT,2,21,3100,2240,525508
-87.722172,43.71705,163,991,MEADOW VIEW HEALTH SERVICES,3613 S 13th St,,Sheboygan,WI,53081,7253,43.71705,-87.722172,55,Sheboygan,55117,NURSING HOME (NH),SNF/NF DUAL CERT,2,21,3226,5490,525605
-90.65543,46.32152,164,992,MELLEN MANOR,450 Lake Dr,,Mellen,WI,54546,9750,46.32152,-90.65543,55,Ashland,55003,NURSING HOME (NH),SNF/NF DUAL CERT,2,21,2887,5570,525697
-89.078689,42.83954,165,993,"EDGERTON CARE CENTER, INC",313 Stoughton Rd,,Edgerton,WI,53534,1132,42.83954,-89.078689,55,Rock,55105,NURSING HOME (NH),SNF/NF DUAL CERT,2,21,2235,3050,525241
-90.129011,42.950962,166,994,UPLAND HILLS NURSING AND REHAB,800 Compassion Way,,Dodgeville,WI,53533,1956,42.950962,-90.129011,55,Iowa,55049,NURSING HOME (NH),SNF/NF DUAL CERT,2,21,2443,5530,525376
-91.66233,44.56898,167,995,AMERICAN LUTHERAN HOME-MONDOVI,200 Memorial Dr,,Mondovi,WI,54755,1325,44.56898,-91.66233,55,Buffalo,55011,NURSING HOME (NH),SNF/NF DUAL CERT,2,21,3223,1730,525383
-90.707751,43.133025,168,996,CARE AND REHAB - BOSCOBEL,207 Parker St,,Boscobel,WI,53805,1642,43.133025,-90.707751,55,Grant,55043,NURSING HOME (NH),SNF/NF DUAL CERT,2,21,2123,5540,525373
-90.35728,45.1357,169,997,ASPIRUS CARE & REHAB-MEDFORD,135 S Gibson St,,Medford,WI,54451,1622,45.1357,-90.35728,55,Taylor,55119,NURSING HOME (NH),SNF/NF DUAL CERT,2,21,2572,5500,525641
-88.121833,43.169364,170,998,MENOMONEE FALLS HEALTH SERVICES,N84W17049 Menomonee Ave,,Menomonee Falls,WI,53051,2701,43.169364,-88.121833,55,Waukesha,55133,NURSING HOME (NH),SNF/NF DUAL CERT,2,21,2947,5550,525415
-87.948279,43.01242,171,1000,MERCY HEALTH SERVICES,2727 W Mitchell St,,Milwaukee,WI,53215,2259,43.01242,-87.948279,55,Milwaukee,55079,NURSING HOME (NH),SNF/NF DUAL CERT,2,21,2838,5880,525414
-89.386978,43.070702,172,1001,CAPITOL LAKES HEALTH CENTER,333 W Main St,,Madison,WI,53703,2777,43.070702,-89.386978,55,Dane,55025,NURSING HOME (NH),SNF/NF DUAL CERT,2,21,2934,5850,525305
-91.875994,46.540517,173,1002,MIDDLE RIVER HCC,8274 E San Rd,,South Range,WI,54874,8621,46.540517,-91.875994,55,Douglas,55031,NURSING HOME (NH),SNF/NF DUAL CERT,2,21,3138,5600,525408
-89.493743,43.089147,174,1003,VILLA AT MIDDLETON VILLAGE (THE),6201 Elmwood Ave,,Middleton,WI,53562,3319,43.089147,-89.493743,55,Dane,55025,NURSING HOME (NH),SNF/NF DUAL CERT,2,21,2737,3100,525330
-87.88298,43.060805,175,1005,MILWAUKEE CATHOLIC HOME,2330 N Prospect Ave,,Milwaukee,WI,53211,4455,43.060805,-87.88298,55,Milwaukee,55079,NURSING HOME (NH),SNF/NF DUAL CERT,2,21,3213,5650,525635
-87.879282,43.063628,176,1007,EASTCASTLE PL BRADFORD TER CONV CTR,2505 E Bradford Ave,,Milwaukee,WI,53211,4262,43.063628,-87.879282,55,Milwaukee,55079,NURSING HOME (NH),SNF/NF DUAL CERT,2,21,1032,P100,525085
-90.183683,42.863743,177,1009,ATRIUM POST ACUTE CARE OF MINERAL POINT,109 N Iowa St,,Mineral Point,WI,53565,1118,42.863743,-90.183683,55,Iowa,55049,NURSING HOME (NH),SNF/NF DUAL CERT,2,21,3078,5680,525354
-87.97935,43.00183,178,1010,MITCHELL MANOR,5301 W Lincoln Ave,,West Allis,WI,53219,1652,43.00183,-87.97935,55,Milwaukee,55079,NURSING HOME (NH),SNF/NF DUAL CERT,2,21,3181,8400,525600
-89.62803,42.607341,179,1011,MONROE HEALTH SERVICES,516 26th Ave,,Monroe,WI,53566,1531,42.607341,-89.62803,55,Green,55045,NURSING HOME (NH),SNF/NF DUAL CERT,2,21,2116,5700,525292
-89.3196,43.79698,180,1012,MONTELLO CARE CENTER,251 Forest Ln,,Montello,WI,53949,9380,43.79698,-89.3196,55,Marquette,55077,NURSING HOME (NH),SNF/NF DUAL CERT,2,21,2633,5710,525657
-87.72119,43.7816,181,1013,MORNINGSIDE HEALTH SERVICES,3431 N 13th St,,Sheboygan,WI,53083,2938,43.7816,-87.72119,55,Sheboygan,55117,NURSING HOME (NH),SNF/NF DUAL CERT,2,21,1182,5740,525607
-90.80987,43.94156,182,1014,MORROW MEMORIAL HOME,331 S Water St,,Sparta,WI,54656,1726,43.94156,-90.80987,55,Monroe,55081,NURSING HOME (NH),SNF/NF DUAL CERT,2,21,440,5750,525662
-88.260681,42.678008,183,1015,BAY AT BURLINGTON HEALTH AND REHABILITATION (THE),677 E State St,,Burlington,WI,53105,1639,42.678008,-88.260681,55,Racine,55101,NURSING HOME (NH),SNF/NF DUAL CERT,2,21,3239,5780,525482
-91.080232,43.905288,184,1017,MULDER HEALTH CARE FACILITY,713 Leonard St N,,West Salem,WI,54669,1229,43.905288,-91.080232,55,La Crosse,55063,NURSING HOME (NH),SNF/NF DUAL CERT,2,21,1031,5810,525209
-88.148068,42.903467,185,1018,MUSKEGO HEALTH CARE CENTER,S77W18690 Janesville Rd,,Muskego,WI,53150,9207,42.903467,-88.148068,55,Waukesha,55133,NURSING HOME (NH),SNF/NF DUAL CERT,2,21,1089,5830,525686
-89.23011,42.92081,186,1019,NAZARETH HEALTH AND REHAB CENTER,814 Jackson St,,Stoughton,WI,53589,1520,42.92081,-89.23011,55,Dane,55025,NURSING HOME (NH),SNF/NF DUAL CERT,2,21,1159,6000,525681
-90.607173,44.558265,187,1020,NEILLSVILLE CARE AND REHAB,316 Sunset Pl,,Neillsville,WI,54456,1708,44.558265,-90.607173,55,Clark,55019,NURSING HOME (NH),SNF/NF DUAL CERT,2,21,1071,6010,525629
-89.64121,42.8196,188,1021,NEW GLARUS HOME,600 2nd Ave,,New Glarus,WI,53574,9776,42.8196,-89.64121,55,Green,55045,NURSING HOME (NH),SNF/NF DUAL CERT,2,21,2605,6060,525630
-88.009201,45.232026,189,1022,NEWCARE,903 Main Ave,PO Box 460,Crivitz,WI,54114,460,45.232026,-88.009201,55,Marinette,55075,NURSING HOME (NH),SNF/NF DUAL CERT,2,21,3110,4500,525489
-90.852408,43.660442,190,1023,NORSELAND NURSING HOME,323 Black River Ave,,Westby,WI,54667,1127,43.660442,-90.852408,55,Vernon,55123,NURSING HOME (NH),SNF/NF DUAL CERT,2,21,2495,6070,525619
-89.63445,44.93154,191,1024,NORTH CENTRAL HEALTH CARE,1100 Lake View Dr,,Wausau,WI,54403,6785,44.93154,-89.63445,55,Marathon,55073,NURSING HOME (NH),SNF/NF DUAL CERT,2,21,2931,9820,525132
-87.65585,44.1157,192,1025,BAY AT NORTH RIDGE HEALTH AND REHABILITATION,1445 N 7th St,,Manitowoc,WI,54220,2011,44.1157,-87.65585,55,Manitowoc,55071,NURSING HOME (NH),SNF/NF DUAL CERT,2,21,3240,3370,525389
-90.88302,46.68172,193,1026,NORTHERN LIGHTS HCC,706 Bratley Dr,,Washburn,WI,54891,1143,46.68172,-90.88302,55,Bayfield,55007,NURSING HOME (NH),SNF/NF DUAL CERT,2,21,2624,1430,525567
-90.1669,44.68236,194,1028,NORWOOD HEALTH CTR-CENTRAL,1600 N Chestnut Ave,,Marshfield,WI,54449,1449,44.68236,-90.1669,55,Wood,55141,NURSING HOME (NH),NF ONLY,2,24,2441,6130,52A251
-88.607073,45.517412,195,1029,BAY AT NU ROC HEALTH AND REHABILITATION CTR (THE),3576A NU Roc Ln,,Laona,WI,54541,9291,45.517412,-88.607073,55,Forest,55041,NURSING HOME (NH),SNF/NF DUAL CERT,2,21,913,6140,525623
-88.056982,42.690915,196,1030,OAK RIDGE CARE CENTER,1400 8th Ave,,Union Grove,WI,53182,1063,42.690915,-88.056982,55,Racine,55101,NURSING HOME (NH),SNF/NF DUAL CERT,2,21,3068,6610,525542
-90.80372,44.958233,197,1031,OAKBROOK HEALTH AND REHABILITATION,206 W Prospect St,,Thorp,WI,54771,9303,44.958233,-90.80372,55,Clark,55019,NURSING HOME (NH),SNF/NF DUAL CERT,2,21,2983,8810,525472
-88.408808,44.230226,198,1032,"OAKRIDGE GARDENS NUR CTR, INC",1700 Midway Rd,,Menasha,WI,54952,1230,44.230226,-88.408808,55,Winnebago,55139,NURSING HOME (NH),SNF/NF DUAL CERT,2,21,2639,6620,525463
-89.48743,43.05977,199,1034,OAKWOOD LUTHERAN HOMES ASSOC,6201 Mineral Point Rd,,Madison,WI,53705,4503,43.05977,-89.48743,55,Dane,55025,NURSING HOME (NH),SNF/NF DUAL CERT,2,21,81,6630,525375
-88.017381,44.495771,200,1036,ODD FELLOW HOME,1229 S Jackson St,,Green Bay,WI,54301,3037,44.495771,-88.017381,55,Brown,55009,NURSING HOME (NH),SNF/NF DUAL CERT,2,21,2544,6730,525559
-88.751311,44.034906,201,1037,"OMRO NURSING AND REHAB, LLC",500 Grant Ave,,Omro,WI,54963,1342,44.034906,-88.751311,55,Winnebago,55139,NURSING HOME (NH),SNF/NF DUAL CERT,2,21,3241,6640,525406
-91.214215,43.883506,202,1038,ONALASKA CARE CENTER,1600 Main St,,Onalaska,WI,54650,2838,43.883506,-91.214215,55,La Crosse,55063,NURSING HOME (NH),SNF/NF DUAL CERT,2,21,3160,6650,525443
-90.686331,42.822501,203,1039,ORCHARD MANOR,8800 US Highway 61,,Lancaster,WI,53813,9306,42.822501,-90.686331,55,Grant,55043,NURSING HOME (NH),SNF/NF DUAL CERT,2,21,3108,6680,525290
-89.382977,42.931622,204,1040,OREGON MANOR,354 N Main St,,Oregon,WI,53575,1426,42.931622,-89.382977,55,Dane,55025,NURSING HOME (NH),SNF/NF DUAL CERT,2,21,2604,4080,525536
-88.527389,44.039987,205,1041,EDENBROOK OF OSHKOSH,1850 Bowen St,,Oshkosh,WI,54901,2356,44.039987,-88.527389,55,Winnebago,55139,NURSING HOME (NH),SNF/NF DUAL CERT,2,21,3242,6690,525299
-91.189514,44.58463,206,1042,DOVE HEALTHCARE - OSSEO,51019 Ridgeview Rd,,Osseo,WI,54758,2606,44.58463,-91.189514,55,Trempealeau,55121,NURSING HOME (NH),SNF/NF DUAL CERT,2,21,3166,6700,525709
-88.458664,44.275336,207,1043,BREWSTER VILLAGE,3300 W Brewster St,,Appleton,WI,54914,6444,44.275336,-88.458664,55,Outagamie,55087,NURSING HOME (NH),SNF/NF DUAL CERT,2,21,2371,6710,525574
-90.44404,45.93315,208,1044,PARK MANOR LTD,250 Lawrence Ave,,Park Falls,WI,54552,1431,45.93315,-90.44404,55,Price,55099,NURSING HOME (NH),SNF/NF DUAL CERT,2,21,2452,7030,525612
-88.528682,44.076609,209,1046,PARK VIEW HEALTH CENTER,725 Butler Ave,,Oshkosh,WI,54901,8149,44.076609,-88.528682,55,Winnebago,55139,NURSING HOME (NH),SNF/NF DUAL CERT,2,21,2436,9510,525638
-92.290641,44.954935,210,1048,PARK VIEW HOME,220 N Lockwood St,,Woodville,WI,54028,9577,44.954935,-92.290641,55,Saint Croix,55109,NURSING HOME (NH),SNF/NF DUAL CERT,2,21,859,7060,525458
-88.30115,44.276717,211,1049,ATRIUM POST ACUTE CARE OF LITTLE CHUTE,1201 Garfield Ave,,Little Chute,WI,54140,2048,44.276717,-88.30115,55,Outagamie,55087,NURSING HOME (NH),SNF/NF DUAL CERT,2,21,2478,7070,525579
-87.937801,44.521727,212,1051,"PARKVIEW NURSING AND REHAB, LLC",2961 Saint Anthony Dr,,Green Bay,WI,54311,5860,44.521727,-87.937801,55,Brown,55009,NURSING HOME (NH),SNF/NF DUAL CERT,2,21,2680,7090,525307
-90.468105,42.746406,213,1052,"PLATTEVILLE NURSING AND REHAB, LLC",1300 N Water St,,Platteville,WI,53818,1452,42.746406,-90.468105,55,Grant,55043,NURSING HOME (NH),SNF/NF DUAL CERT,2,21,3174,7120,525219
-88.414945,44.239126,214,1053,PEABODY MANOR,2600 S Heritage Woods Dr,,Appleton,WI,54915,1408,44.239126,-88.414945,55,Winnebago,55139,NURSING HOME (NH),SNF/NF DUAL CERT,2,21,2622,7330,525548
-89.670088,45.186674,215,1055,PINE CREST NURSING HOME,2100 E 6th St,,Merrill,WI,54452,3107,45.186674,-89.670088,55,Lincoln,55069,NURSING HOME (NH),SNF/NF DUAL CERT,2,21,2368,7180,525326
-87.828854,43.738083,216,1056,PINE HAVEN CHRISTIAN HOME,220 Haven Dr,,Sheboygan Falls,WI,53085,3005,43.738083,-87.828854,55,Sheboygan,55117,NURSING HOME (NH),SNF/NF DUAL CERT,2,21,356,7200,525676
-88.681621,44.676033,217,1057,PINES POST ACUTE AND MEMORY CARE,1625 E Main St,,Clintonville,WI,54929,8407,44.676033,-88.681621,55,Waupaca,55135,NURSING HOME (NH),SNF/NF DUAL CERT,2,21,3052,7210,525497
-90.35195,43.30355,218,1058,PINE VALLEY COMMUNITY VILLAGE,25951 Circle View Dr,,Richland Center,WI,53581,4013,43.30355,-90.35195,55,Richland,55103,NURSING HOME (NH),SNF/NF DUAL CERT,2,21,2365,7220,525365
-90.861272,44.28758,219,1059,PINE VIEW CARE CENTER,400 County Road R,,Black River Falls,WI,54615,5129,44.28758,-90.861272,55,Jackson,55053,NURSING HOME (NH),SNF/NF DUAL CERT,2,21,2440,7240,525409
-91.98219,45.234656,220,1060,PIONEER HEALTH AND REHAB,530 River Ave S,,Prairie Farm,WI,54762,9791,45.234656,-91.98219,55,Barron,55005,NURSING HOME (NH),SNF/NF DUAL CERT,2,21,1056,7260,525652
-90.170804,43.875622,221,1061,CREST VIEW NURSING HOME,612 View St,,New Lisbon,WI,53950,1079,43.875622,-90.170804,55,Juneau,55057,NURSING HOME (NH),SNF/NF DUAL CERT,2,21,2367,7280,525581
-90.38878,45.68327,222,1062,ASPIRUS PLEASANT VIEW,595 Peterson Dr,,Phillips,WI,54555,1418,45.68327,-90.38878,55,Price,55099,NURSING HOME (NH),SNF/NF DUAL CERT,2,21,1131,7300,525627
-89.656999,42.622333,223,1063,PLEASANT VIEW NURSING HOME,N3150 Hwy 81,PO Box 768,Monroe,WI,53566,768,42.622333,-89.656999,55,Green,55045,NURSING HOME (NH),SNF/NF DUAL CERT,2,21,2432,7290,525643
-92.196142,44.625596,224,1064,PLUM CITY CARE CTR,301 Cherry Ave W,,Plum City,WI,54761,9781,44.625596,-92.196142,55,Pierce,55093,NURSING HOME (NH),SNF/NF DUAL CERT,2,21,3171,8800,525440
-89.57184,44.5057,225,1066,PORTAGE CTY HLTH CARE CTR,825 Whiting Ave,,Stevens Point,WI,54481,5246,44.5057,-89.57184,55,Portage,55097,NURSING HOME (NH),SNF/NF DUAL CERT,2,21,2394,7310,525611
-91.133678,43.043322,226,1067,PRAIRIE MAISON,700 S Fremont St,,Prairie Du Chien,WI,53821,2331,43.043322,-91.133678,55,Crawford,55023,NURSING HOME (NH),SNF/NF DUAL CERT,2,21,3170,7320,525525
-89.016578,42.530941,227,1068,PREMIER REHAB  AND SKILLED NURSING,2121 Pioneer Dr,,Beloit,WI,53511,3025,42.530941,-89.016578,55,Rock,55105,NURSING HOME (NH),SNF/NF DUAL CERT,2,21,3061,2080,525663
-88.401457,44.290088,228,1069,RENNES HEALTH AND REHAB CENTER- APPLETON,325 E Florida Ave,,Appleton,WI,54911,1325,44.290088,-88.401457,55,Outagamie,55087,NURSING HOME (NH),SNF/NF DUAL CERT,2,21,3016,7850,525583
-87.76274,45.06353,229,1070,RENNES HEALTH AND REHAB CENTER-WEST,501 N Lake St,,Peshtigo,WI,54157,1013,45.06353,-87.76274,55,Marinette,55075,NURSING HOME (NH),SNF/NF DUAL CERT,2,21,2957,7530,525451
-87.732928,45.062082,230,1071,RENNES HEALTH AND REHAB CENTER-EAST,701 Willow St,,Peshtigo,WI,54157,1165,45.062082,-87.732928,55,Marinette,55075,NURSING HOME (NH),SNF/NF DUAL CERT,2,21,3118,7230,525457
-88.08634,44.44894,231,1072,RENNES HEALTH AND REHAB CENTER-DEPERE,200 S 9th St,,De Pere,WI,54115,1393,44.44894,-88.08634,55,Brown,55009,NURSING HOME (NH),SNF/NF DUAL CERT,2,21,2860,7840,525573
-90.2049,45.31721,232,1074,RIB LAKE HEALTH SERVICES,650 Pearl St,,Rib Lake,WI,54470,9322,45.31721,-90.2049,55,Taylor,55119,NURSING HOME (NH),SNF/NF DUAL CERT,2,21,2732,3820,525329
-91.733005,45.512791,233,1075,HERITAGE LAKESIDE,1016 Lakeshore Dr,,Rice Lake,WI,54868,1225,45.512791,-91.733005,55,Barron,55005,NURSING HOME (NH),SNF/NF DUAL CERT,2,21,2462,7540,525654
-87.844325,42.694572,234,1076,RIDGEWOOD CARE CTR,3205 Wood Rd,,Racine,WI,53406,5048,42.694572,-87.844325,55,Racine,55101,NURSING HOME (NH),SNF/NF DUAL CERT,2,21,2925,4160,525608
-87.950403,42.938451,235,1077,MAPLE RIDGE HEALTH SERVICES,2730 W Ramsey Ave,,Milwaukee,WI,53221,4814,42.938451,-87.950403,55,Milwaukee,55079,NURSING HOME (NH),SNF/NF DUAL CERT,2,21,3212,7620,525359
-89.58258,44.493103,236,1079,ATRIUM POST ACUTE CARE OF STEVENS POINT,1800 Sherman Ave,,Stevens Point,WI,54481,7215,44.493103,-89.58258,55,Portage,55097,NURSING HOME (NH),SNF/NF DUAL CERT,2,21,3082,7640,525353
-90.443018,43.195115,237,1080,DYCORA TRANSITIONAL HEALTH - RIVERDALE,1000 N Wisconsin Ave,,Muscoda,WI,53573,9115,43.195115,-90.443018,55,Grant,55043,NURSING HOME (NH),SNF/NF DUAL CERT,2,21,3188,7570,525321
-88.98845,43.717394,238,1081,MARKESAN RESIDENT HOME,1130 N Margaret St,,Markesan,WI,53946,8516,43.717394,-88.98845,55,Green Lake,55047,NURSING HOME (NH),SNF/NF DUAL CERT,2,21,3184,7650,525550
-89.811348,44.378186,239,1083,ATRIUM POST ACUTE CARE OF WISCONSIN RAPIDS,1350 River Run Dr,,Wisconsin Rapids,WI,54494,5487,44.378186,-89.811348,55,Wood,55141,NURSING HOME (NH),SNF/NF DUAL CERT,2,21,2100,7670,525212
-89.725645,45.475736,240,1084,RIVERVIEW HEALTH SERVICES,428 N 6th St,,Tomahawk,WI,54487,1425,45.475736,-89.725645,55,Lincoln,55069,NURSING HOME (NH),SNF/NF DUAL CERT,2,21,2734,7700,525332
-89.028255,42.724586,241,1085,ROCK HAVEN,3400 N Cty Trk Hwy F,PO Box 920,Janesville,WI,53547,920,42.724586,-89.028255,55,Rock,55105,NURSING HOME (NH),SNF/NF DUAL CERT,2,21,2425,7720,525390
-87.979762,43.797222,242,1086,ROCKY KNOLL HEALTH CARE,N7135 Rocky Knoll Pkwy,,Plymouth,WI,53073,3103,43.797222,-87.979762,55,Sheboygan,55117,NURSING HOME (NH),SNF/NF DUAL CERT,2,21,2362,7740,525337
-90.81368,43.966054,243,1087,ROLLING HILLS REHAB CTR,14345 County Highway B,,Sparta,WI,54656,4509,43.966054,-90.81368,55,Monroe,55081,NURSING HOME (NH),SNF/NF DUAL CERT,2,21,2379,7750,525430
-88.42915,43.77638,244,1088,HARBOR HAVEN HEALTH & REHABILITATION,459 E 1st St,,Fond Du Lac,WI,54935,4505,43.77638,-88.42915,55,Fond Du Lac,55039,NURSING HOME (NH),SNF/NF DUAL CERT,2,21,2437,7760,525534
-91.110022,45.454741,245,1089,LADYSMITH CARE & REHAB,900 College Ave W,,Ladysmith,WI,54848,2116,45.454741,-91.110022,55,Rusk,55107,NURSING HOME (NH),SNF/NF DUAL CERT,2,21,2349,7800,525416
-88.171469,43.425685,246,1090,SAMARITAN HEALTH CENTER,531 E Washington St,,West Bend,WI,53095,2531,43.425685,-88.171469,55,Washington,55131,NURSING HOME (NH),SNF/NF DUAL CERT,2,21,2385,8030,525165
-90.76691,43.39015,247,1093,SOLDIERS GROVE HEALTH SERVICES,101 Sunshine Blvd,,Soldiers Grove,WI,54655,7106,43.39015,-90.76691,55,Crawford,55023,NURSING HOME (NH),SNF/NF DUAL CERT,2,21,2607,7190,525622
-90.031432,43.530734,248,1095,SAUK CO HEALTH CARE CENTER,1051 Clark St,,Reedsburg,WI,53959,2321,43.530734,-90.031432,55,Sauk,55111,NURSING HOME (NH),SNF/NF DUAL CERT,2,21,2397,8070,525114
-87.118752,45.183456,249,1096,GOOD SAMARITAN SOCIETY-SCANDIA VILLAGE,10560 Applewood Rd,,Sister Bay,WI,54234,9005,45.183456,-87.118752,55,Door,55029,NURSING HOME (NH),SNF/NF DUAL CERT,2,21,3111,8640,525494
-90.40079,43.33559,250,1097,SCHMITT WOODLAND HILLS,1400 W Seminary St,,Richland Center,WI,53581,2036,43.33559,-90.40079,55,Richland,55103,NURSING HOME (NH),SNF/NF DUAL CERT,2,21,1139,8090,525671
-87.67705,44.08371,251,1098,SHADY LANE NURSING CARE CENTER,1235 S 24th St,,Manitowoc,WI,54220,5516,44.08371,-87.67705,55,Manitowoc,55071,NURSING HOME (NH),SNF/NF DUAL CERT,2,21,2250,8100,525575
-87.77978,43.780961,252,1100,SHEBOYGAN SENIOR COMMUNITY INC,3505 County Road Y,,Sheboygan,WI,53083,2400,43.780961,-87.77978,55,Sheboygan,55117,NURSING HOME (NH),SNF/NF DUAL CERT,2,21,2662,8150,525598
-87.825857,42.552781,253,1101,BAY AT SHERIDAN HEALTH AND REHABILITATION (THE),8400 Sheridan Rd,,Kenosha,WI,53143,6327,42.552781,-87.825857,55,Kenosha,55059,NURSING HOME (NH),SNF/NF DUAL CERT,2,21,3244,8170,525318
-88.521927,43.11953,254,1102,SHOREHAVEN HLTH & REHAB CTR,1305 W Wisconsin Ave,,Oconomowoc,WI,53066,2646,43.11953,-88.521927,55,Waukesha,55133,NURSING HOME (NH),SNF/NF DUAL CERT,2,21,799,8200,525560
-87.927084,43.119591,255,1105,DYCORA TRANSITIONAL HEALTH - GLENDALE,1300 W Silver Spring Dr,,Glendale,WI,53209,4415,43.119591,-87.927084,55,Milwaukee,55079,NURSING HOME (NH),SNF/NF DUAL CERT,2,21,2842,8020,525371
-89.20836,42.92107,256,1106,SKAALEN NURSING AND REHABILITATION CENTER,400 N Morris St,,Stoughton,WI,53589,1857,42.92107,-89.20836,55,Dane,55025,NURSING HOME (NH),SNF/NF DUAL CERT,2,21,2114,8210,525512
-90.183723,46.447754,257,1107,SKY VIEW NURSING CENTER,309 Iron St,,Hurley,WI,54534,1356,46.447754,-90.183723,55,Iron,55051,NURSING HOME (NH),NF ONLY,2,24,2632,8220,52A429
-87.97209,42.957965,258,1109,SOUTHPOINTE HEALTHCARE CTR,4500 W Loomis Rd,,Greenfield,WI,53220,4819,42.957965,-87.97209,55,Milwaukee,55079,NURSING HOME (NH),SNF/NF DUAL CERT,2,21,3177,3420,525604
-90.429577,42.60001,259,1110,EPIONE PAVILION,808 S Washington St,,Cuba City,WI,53807,1439,42.60001,-90.429577,55,Grant,55043,NURSING HOME (NH),SNF/NF DUAL CERT,2,21,2648,8620,525395
-92.270013,44.836702,260,1112,SPRING VALLEY HEALTH AND REHAB CENTER,S830 Westland Dr,,Spring Valley,WI,54767,8238,44.836702,-92.270013,55,Pierce,55093,NURSING HOME (NH),SNF/NF DUAL CERT,2,21,995,8260,525466
-88.026461,43.086391,261,1113,ST ANNE'S SALVATORIAN CAMPUS,3800 N 92nd St,,Milwaukee,WI,53222,2504,43.086391,-88.026461,55,Milwaukee,55079,NURSING HOME (NH),SNF/NF DUAL CERT,2,21,2056,8270,525524
-87.94075,43.00756,262,1114,ST ANN REST HOME,2020 S Muskego Ave,,Milwaukee,WI,53204,3622,43.00756,-87.94075,55,Milwaukee,55079,NURSING HOME (NH),NF ONLY,2,24,245,8280,52A431
-88.03846,43.03702,263,1115,ST CAMILLUS HEALTH CENTER,10101 W Wisconsin Ave,,Wauwatosa,WI,53226,4861,43.03702,-88.03846,55,Milwaukee,55079,NURSING HOME (NH),SNF/NF DUAL CERT,2,21,3074,8290,525382
-89.727275,43.479163,264,1117,SSM HEALTH ST CLARE MEADOWS CARE CTR,1414 Jefferson St,,Baraboo,WI,53913,1503,43.479163,-89.727275,55,Sauk,55111,NURSING HOME (NH),SNF/NF DUAL CERT,2,21,3099,4650,525317
-92.785846,44.7602,265,1118,PRESCOTT NURSING AND REHAB COMMUNITY,1505 Orrin Rd,,Prescott,WI,54021,1074,44.7602,-92.785846,55,Pierce,55093,NURSING HOME (NH),SNF/NF DUAL CERT,2,21,3249,8330,525398
-92.553246,45.130055,266,1119,ST CROIX HEALTH CENTER,1445 N 4th St,,New Richmond,WI,54017,1063,45.130055,-92.553246,55,Saint Croix,55109,NURSING HOME (NH),SNF/NF DUAL CERT,2,21,2415,8320,525468
-92.632923,45.412175,267,1120,GOOD SAMARITAN SOCIETY-ST CROIX VALLEY,750 E Louisiana St,,Saint Croix Falls,WI,54024,9501,45.412175,-92.632923,55,Polk,55095,NURSING HOME (NH),SNF/NF DUAL CERT,2,21,2080,8340,525532
-89.016,42.683486,268,1121,ST ELIZABETH NURSING HOME,109 S Atwood Ave,,Janesville,WI,53545,4098,42.683486,-89.016,55,Rock,55105,NURSING HOME (NH),SNF/NF DUAL CERT,2,21,624,8650,525639
-88.434573,43.777714,269,1122,ST FRANCIS HOME,33 Everett St,,Fond Du Lac,WI,54935,4318,43.777714,-88.434573,55,Fond Du Lac,55039,NURSING HOME (NH),SNF/NF DUAL CERT,2,21,2561,8370,525595
-92.132158,46.717123,270,1123,SUPERIOR REHABILITATION CENTER LLC,1800 New York Ave,,Superior,WI,54880,2008,46.717123,-92.132158,55,Douglas,55031,NURSING HOME (NH),SNF/NF DUAL CERT,2,21,2578,8350,525397
-87.889664,43.053848,271,1126,SAINT JOHNS ON THE LAKE,1840 N Prospect Ave,,Milwaukee,WI,53202,1975,43.053848,-87.889664,55,Milwaukee,55079,NURSING HOME (NH),SNF/NF DUAL CERT,2,21,2611,8390,525539
-88.740857,44.374533,272,1127,ST JOSEPH RESIDENCE,107 E Beckert Rd,,New London,WI,54961,2509,44.374533,-88.740857,55,Waupaca,55135,NURSING HOME (NH),SNF/NF DUAL CERT,2,21,2040,8450,525599
-91.23083,43.78209,273,1128,BENEDICTINE MANOR OF LACROSSE,2902 East Ave S,,La Crosse,WI,54601,7202,43.78209,-91.23083,55,La Crosse,55063,NURSING HOME (NH),SNF/NF DUAL CERT,2,21,2809,8420,525438
-87.84271,42.53842,274,1129,ST JOSEPH'S HOME AND REHABILITATION CENTER,9244 29th Ave,,Kenosha,WI,53143,6602,42.53842,-87.84271,55,Kenosha,55059,NURSING HOME (NH),SNF/NF DUAL CERT,2,21,2332,8410,525603
-87.674619,44.07961,275,1132,ST MARYS HOME FOR THE AGED,1635 S 21st St,,Manitowoc,WI,54220,6380,44.07961,-87.674619,55,Manitowoc,55071,NURSING HOME (NH),SNF/NF DUAL CERT,2,21,540,8460,525609
-89.497358,43.011302,276,1134,SSM HEALTH ST MARY'S CARE CENTER,3401 Maple Grove Dr,,Madison,WI,53719,5013,43.011302,-89.497358,55,Dane,55025,NURSING HOME (NH),SNF/NF DUAL CERT,2,21,3101,1130,525276
-88.27173,44.26877,277,1137,"ST PAUL ELDER SERVICES, INC",316 E 14th St,,Kaukauna,WI,54130,3304,44.26877,-88.27173,55,Outagamie,55087,NURSING HOME (NH),SNF/NF DUAL CERT,2,21,2988,8500,525617
-89.216116,43.184273,278,1139,SUN PRAIRIE HEALTH CARE CENTER,228 W Main St,,Sun Prairie,WI,53590,2908,43.184273,-89.216116,55,Dane,55025,NURSING HOME (NH),SNF/NF DUAL CERT,2,21,2598,8560,525380
-87.747165,43.753056,279,1141,SUNNY RIDGE REHABILITATION CENTER LLC,3014 Erie Ave,,Sheboygan,WI,53081,3658,43.753056,-87.747165,55,Sheboygan,55117,NURSING HOME (NH),SNF/NF DUAL CERT,2,21,2363,8570,525568
-87.967403,42.980088,280,1143,SUNRISE HEALTH SERVICES,3540 S 43rd St,,Milwaukee,WI,53220,1502,42.980088,-87.967403,55,Milwaukee,55079,NURSING HOME (NH),SNF/NF DUAL CERT,2,21,3134,8580,525493
-87.938425,42.986597,281,1146,WHEATON FRANCISCAN HC - TERRACE AT ST FRANCIS,3200 S 20th St,,Milwaukee,WI,53215,4442,42.986597,-87.938425,55,Milwaukee,55079,NURSING HOME (NH),SNF/NF DUAL CERT,2,21,3147,1180,525552
-91.909705,45.752254,282,1147,SHELL LAKE HEALTH CARE CENTER,802 E County Highway B,,Shell Lake,WI,54871,4425,45.752254,-91.909705,55,Washburn,55129,NURSING HOME (NH),SNF/NF DUAL CERT,2,21,2748,8890,525553
-90.515931,43.972802,283,1148,TOMAH NURSING AND REHAB,1505 Butts Ave,,Tomah,WI,54660,2405,43.972802,-90.515931,55,Monroe,55081,NURSING HOME (NH),SNF/NF DUAL CERT,2,21,2825,8820,525442
-91.352225,44.371947,284,1149,TREMPEALEAU CTY HCC IMD,W20410 State Road 121,,Whitehall,WI,54773,9147,44.371947,-91.352225,55,Trempealeau,55121,NURSING HOME (NH),NF ONLY,2,24,2961,8842,52A407
-91.208742,44.423536,285,1151,PIGEON FALLS HCC,13197 Church St,,Pigeon Falls,WI,54760,,44.423536,-91.208742,55,Trempealeau,55121,NURSING HOME (NH),SNF/NF DUAL CERT,2,21,3228,3780,525687
-91.318744,44.364377,286,1152,GUNDERSEN TRI-COUNTY CARE CENTER,18601 Lincoln St,,Whitehall,WI,54773,8605,44.364377,-91.318744,55,Trempealeau,55121,NURSING HOME (NH),SNF/NF DUAL CERT,2,21,1156,8850,525679
-88.077217,42.904212,287,1153,TUDOR OAKS HEALTH CENTER,S77W12929 McShane Dr,,Muskego,WI,53150,4052,42.904212,-88.077217,55,Waukesha,55133,NURSING HOME (NH),SNF/NF DUAL CERT,2,21,2730,8860,525279
-92.479774,45.567533,288,1154,UNITED PIONEER HOME,623 S 2nd St,,Luck,WI,54853,9070,45.567533,-92.479774,55,Polk,55095,NURSING HOME (NH),SNF/NF DUAL CERT,2,21,450,9010,525680
-91.489346,46.022731,289,1155,HAYWARD HEALTH SERVICES,10775 Nyman Ave,,Hayward,WI,54843,6484,46.022731,-91.489346,55,Sawyer,55113,NURSING HOME (NH),SNF/NF DUAL CERT,2,21,2923,9100,525434
-87.96915,43.74204,290,1156,ATRIUM POST ACUTE CARE OF PLYMOUTH,916 E Clifford St,,Plymouth,WI,53073,2468,43.74204,-87.96915,55,Sheboygan,55117,NURSING HOME (NH),SNF/NF DUAL CERT,2,21,3169,7350,525685
-90.88393,43.575804,291,1158,VERNON MANOR,E7404A County Road Bb,,Viroqua,WI,54665,7502,43.575804,-90.88393,55,Vernon,55123,NURSING HOME (NH),SNF/NF DUAL CERT,2,21,2678,9130,525562
-88.025776,43.015744,292,1160,ALLIS CARE CENTER,9047 W Greenfield Ave,,West Allis,WI,53214,2808,43.015744,-88.025776,55,Milwaukee,55079,NURSING HOME (NH),SNF/NF DUAL CERT,2,21,1029,9150,525108
-88.244224,43.835262,293,1161,VILLA LORETTO NURSING HOME,N8114 County Ww,,Mount Calvary,WI,53057,,43.835262,-88.244224,55,Fond Du Lac,55039,NURSING HOME (NH),SNF/NF DUAL CERT,2,21,1165,9160,525621
-90.184926,46.445674,294,1162,VILLA MARIA HEALTH AND REHAB CTR,300 Villa Dr,,Hurley,WI,54534,1523,46.445674,-90.184926,55,Iron,55051,NURSING HOME (NH),SNF/NF DUAL CERT,2,21,2660,9200,525540
-89.827759,43.973112,295,1163,VILLA PINES LIVING CENTER,201 Park St,PO Box 130,Friendship,WI,53934,130,43.973112,-89.827759,55,Adams,55001,NURSING HOME (NH),SNF/NF DUAL CERT,2,21,3089,9170,525351
-88.213513,43.02191,296,1164,VIRGINIA HEALTH AND REHAB CTR,1451 Cleveland Ave,,Waukesha,WI,53186,3876,43.02191,-88.213513,55,Waukesha,55133,NURSING HOME (NH),SNF/NF DUAL CERT,2,21,3059,9180,525490
-87.847456,42.603564,297,1165,THE MANOR OF KENOSHA,3100 Washington Rd,,Kenosha,WI,53144,1604,42.603564,-87.847456,55,Kenosha,55059,NURSING HOME (NH),SNF/NF DUAL CERT,2,21,3124,9320,525179
-89.46478,43.184116,298,1166,WAUNAKEE MANOR HEALTH CARE CENTER,801 S Klein Dr,,Waunakee,WI,53597,1575,43.184116,-89.46478,55,Dane,55025,NURSING HOME (NH),SNF/NF DUAL CERT,2,21,2450,9340,525098
-89.67564,44.96765,299,1167,WAUSAU MANOR HEALTH SERVICES,3107 Westhill Dr,,Wausau,WI,54401,3774,44.96765,-89.67564,55,Marathon,55073,NURSING HOME (NH),SNF/NF DUAL CERT,2,21,2890,9310,525369
-88.062549,44.531542,300,1169,GREEN BAY HEALTH SERVICES,1640 Shawano Ave,,Green Bay,WI,54303,3214,44.531542,-88.062549,55,Brown,55009,NURSING HOME (NH),SNF/NF DUAL CERT,2,21,2911,3770,525342
-88.256582,43.002192,301,1170,KENSINGTON CARE AND REHAB CENTER,1810 Kensington Dr,,Waukesha,WI,53188,5616,43.002192,-88.256582,55,Waukesha,55133,NURSING HOME (NH),SNF/NF DUAL CERT,2,21,3219,9390,525242
-88.917992,44.319347,302,1171,CROSSROADS CARE CENTER OF WEYAUWEGA,717 E Alfred St,,Weyauwega,WI,54983,9024,44.319347,-88.917992,55,Waupaca,55135,NURSING HOME (NH),SNF/NF DUAL CERT,2,21,2801,9420,525315
-89.241472,44.180129,303,1173,WILD ROSE MANOR,425 Summit St,,Wild Rose,WI,54984,6804,44.180129,-89.241472,55,Waushara,55137,NURSING HOME (NH),SNF/NF DUAL CERT,2,21,2606,9430,525496
-92.370789,45.302026,304,1174,WILLOW RIDGE HEALTHCARE,400 Deronda St,,Amery,WI,54001,1404,45.302026,-92.370789,55,Polk,55095,NURSING HOME (NH),SNF/NF DUAL CERT,2,21,2642,2440,525402
-88.902847,43.08527,305,1175,LAKE MILLS HEALTH SERVICES,901 Mulberry St,,Lake Mills,WI,53551,1335,43.08527,-88.902847,55,Jefferson,55055,NURSING HOME (NH),SNF/NF DUAL CERT,2,21,2794,9440,525314
-87.863571,42.893998,306,1176,WILLOWCREST HEALTH SERVICES,3821 S Chicago Ave,,South Milwaukee,WI,53172,3712,42.893998,-87.863571,55,Milwaukee,55079,NURSING HOME (NH),SNF/NF DUAL CERT,2,21,2798,9450,525413
-88.080633,43.943122,307,1177,WILLOWDALE HEALTH SERVICES,1610 Hoover St,,New Holstein,WI,53061,1636,43.943122,-88.080633,55,Calumet,55015,NURSING HOME (NH),SNF/NF DUAL CERT,2,21,2246,9460,525411
-88.632885,42.628,308,1178,DELAVAN HEALTH SERVICES,905 E Geneva St,,Delavan,WI,53115,1922,42.628,-88.632885,55,Walworth,55127,NURSING HOME (NH),SNF/NF DUAL CERT,2,21,3157,9470,525324
-89.239352,43.179301,309,1179,CROSSROADS CARE CENTER OF SUN PRAIRIE,41 Rickel Rd,,Sun Prairie,WI,53590,1840,43.179301,-89.239352,55,Dane,55025,NURSING HOME (NH),SNF/NF DUAL CERT,2,21,2224,9490,525313
-89.76188,43.619745,310,1180,WISCONSIN DELLS HEALTH SERVICES,300 Race St,,Wisconsin Dells,WI,53965,1822,43.619745,-89.76188,55,Columbia,55021,NURSING HOME (NH),SNF/NF DUAL CERT,2,21,2875,2350,525391
-88.004606,43.1424,311,1181,BRIDGES OF MILWAUKEE REHAB AND CARE CENTER (THE),6800 N 76th St,,Milwaukee,WI,53223,5002,43.1424,-88.004606,55,Milwaukee,55079,NURSING HOME (NH),SNF/NF DUAL CERT,2,21,2179,9530,525529
-89.14426,44.336468,312,1182,WI VETERANS HM AINSWORTH HALL,N2665 County Road Qq,,King,WI,54946,600,44.336468,-89.14426,55,Waupaca,55135,NURSING HOME (NH),SNF/NF DUAL CERT,2,21,3128,9562,525719
-88.145929,43.037885,313,1183,BROOKFIELD REHAB AND SPECIALTY CARE CTR,18740 W Bluemound Rd,,Brookfield,WI,53045,2936,43.037885,-88.145929,55,Waukesha,55133,NURSING HOME (NH),SNF/NF DUAL CERT,2,21,3050,9570,525424
-88.373131,45.003468,314,1184,WOODLAND VILLAGE NURSING HOME,430 Manor Dr,,Suring,WI,54174,9182,45.003468,-88.373131,55,Oconto,55083,NURSING HOME (NH),SNF/NF DUAL CERT,2,21,2698,9650,525363
-88.075965,44.485824,315,1185,WOODSIDE LUTHERAN HOME,1040 Pilgrim Way,,Green Bay,WI,54304,5028,44.485824,-88.075965,55,Brown,55009,NURSING HOME (NH),SNF/NF DUAL CERT,2,21,2177,9580,525557
-87.822307,42.606674,316,1186,BAY AT WATERS EDGE HEALTH AND REHABILITATION (THE),3415 Sheridan Rd,,Kenosha,WI,53140,1924,42.606674,-87.822307,55,Kenosha,55059,NURSING HOME (NH),SNF/NF DUAL CERT,2,21,3246,9590,525281
-88.08498,43.07559,317,1190,"CONGREGATIONAL HOME, INC",13900 W Burleigh Rd,,Brookfield,WI,53005,3019,43.07559,-88.08498,55,Waukesha,55133,NURSING HOME (NH),SNF ONLY,2,23,2471,P050,525700
-88.398055,43.061434,318,1193,CLEARVIEW HOME CORP,935 Main St,,Delafield,WI,53018,1613,43.061434,-88.398055,55,Waukesha,55133,NURSING HOME (NH),LICENSED STATE ONLY,2,25,940,P040,
-87.934801,43.131348,319,1196,SYMPHONY OF GLENDALE,6263 N Green Bay Ave,,Glendale,WI,53209,3823,43.131348,-87.934801,55,Milwaukee,55079,NURSING HOME (NH),SNF/NF DUAL CERT,2,21,3218,8120,525547
-87.708509,44.089326,320,1209,RIVER'S BEND HEALTH SERVICES,960 S Rapids Rd,,Manitowoc,WI,54220,4146,44.089326,-87.708509,55,Manitowoc,55071,NURSING HOME (NH),SNF/NF DUAL CERT,2,21,3210,7010,525475
-87.922127,43.248741,321,1216,HIGHLANDS AT NEWCASTLE PL,12600 N Port Washington Rd Ste 300,,Mequon,WI,53092,3472,43.248741,-87.922127,55,Ozaukee,55089,NURSING HOME (NH),SNF ONLY,2,23,235,P090,525668
-87.786204,42.793998,322,1224,ASCENSION LIVING - LAKESHORE AT SIENA,5643 Erie St,,Racine,WI,53402,1934,42.793998,-87.786204,55,Racine,55101,NURSING HOME (NH),SNF/NF DUAL CERT,2,21,3087,P150,525495
-90.002026,43.535885,323,1227,ZIMMERMAN NURSING HOME,617 4th St,,Reedsburg,WI,53959,1635,43.535885,-90.002026,55,Sauk,55111,NURSING HOME (NH),LICENSED STATE ONLY,2,25,2946,9810,
-87.884957,42.974203,324,1234,ST FRANCIS HEALTH SERVICES,1915 E Tripoli Ave,,Saint Francis,WI,53235,4142,42.974203,-87.884957,55,Milwaukee,55079,NURSING HOME (NH),SNF/NF DUAL CERT,2,21,2922,8240,525477
-88.584109,42.528237,325,1237,GOLDEN YEARS HEALTH CENTER,270 Ridge Rd,,Walworth,WI,53184,9526,42.528237,-88.584109,55,Walworth,55127,NURSING HOME (NH),SNF ONLY,2,23,3103,P070,525677
-88.545812,42.579582,326,1245,ATRIUM POST ACUTE CARE OF WILLIAMS BAY,146 Clover St,,Williams Bay,WI,53191,9779,42.579582,-88.545812,55,Walworth,55127,NURSING HOME (NH),SNF/NF DUAL CERT,2,21,3220,8180,525346
-92.07923,46.707142,327,1256,VILLA MARINA HEALTH AND REHAB CTR,35 N 28th St,,Superior,WI,54880,5557,46.707142,-92.07923,55,Douglas,55031,NURSING HOME (NH),SNF/NF DUAL CERT,2,21,3215,2120,525613
-88.837679,43.857062,328,1257,WHISPERING PINES NURSING AND REHAB,50 Wolverton Ave,,Ripon,WI,54971,1050,43.857062,-88.837679,55,Fond Du Lac,55039,NURSING HOME (NH),SNF/NF DUAL CERT,2,21,3186,7100,525551
-91.450635,44.808671,329,1258,OAKWOOD HEALTH SERVICES,2512 New Pine Dr,,Altoona,WI,54720,1378,44.808671,-91.450635,55,Eau Claire,55035,NURSING HOME (NH),SNF/NF DUAL CERT,2,21,3167,8590,525454
-87.73947,44.0746,330,1259,MANITOWOC HEALTHCARE CENTER,2021 S Alverno Rd,,Manitowoc,WI,54220,9208,44.0746,-87.73947,55,Manitowoc,55071,NURSING HOME (NH),SNF/NF DUAL CERT,2,21,2398,5320,525441
-89.14426,44.336468,331,1261,WI VETERANS HM STORDOCK HALL,N2665 County Road Qq,,King,WI,54946,600,44.336468,-89.14426,55,Waupaca,55135,NURSING HOME (NH),SNF/NF DUAL CERT,2,21,2485,9563,525716
-89.14426,44.336468,332,1262,WI VETERANS HM MACARTHUR HALL,N2665 County Road Qq,,King,WI,54946,600,44.336468,-89.14426,55,Waupaca,55135,NURSING HOME (NH),SNF/NF DUAL CERT,2,21,2814,9564,525717
-89.14426,44.336468,333,1263,WI VETERANS HM OLSON HALL,N2665 County Road Qq,,King,WI,54946,600,44.336468,-89.14426,55,Waupaca,55135,NURSING HOME (NH),SNF/NF DUAL CERT,2,21,2484,9561,525718
-88.223874,43.066648,334,1304,CCC OF PEWAUKEE,N26W23977 Watertown Rd,,Waukesha,WI,53188,1006,43.066648,-88.223874,55,Waukesha,55133,NURSING HOME (NH),SNF/NF DUAL CERT,2,21,3248,3950,525646
-88.320303,42.872732,335,1324,LINDENGROVE MUKWONAGO,837 E Veterans Way,,Mukwonago,WI,53149,1013,42.872732,-88.320303,55,Waukesha,55133,NURSING HOME (NH),SNF/NF DUAL CERT,2,21,5002,5240,525645
-88.124871,43.215543,336,1924,VIRGINIA HIGHLANDS HLTH AND REHAB,W173N10915 Bernies Way,,Germantown,WI,53022,4043,43.215543,-88.124871,55,Washington,55131,NURSING HOME (NH),SNF/NF DUAL CERT,2,21,5003,P300,525653
-91.352225,44.371947,337,4321,TREMPEALEAU CTY IMD,W20410 State Road 121,,Whitehall,WI,54773,9147,44.371947,-91.352225,55,Trempealeau,55121,NURSING HOME (NH),LICENSED STATE ONLY,2,25,5001,P290,
-87.932167,42.562394,338,6361,GRANDE PRAIRIE HLTH  AND REHAB CTR,10330 Prairie Ridge Blvd,,Pleasant Prairie,WI,53158,1947,42.562394,-87.932167,55,Kenosha,55059,NURSING HOME (NH),SNF/NF DUAL CERT,2,21,5005,3850,525659
-90.538851,42.520795,339,8502,ST DOMINIC VILLA,2375 Sinsinawa Rd,,Hazel Green,WI,53811,9707,42.520795,-90.538851,55,Grant,55043,NURSING HOME (NH),SNF/NF DUAL CERT,2,21,5006,8610,525660
-89.032916,42.686879,340,27478,MERCY MANOR TRANSITION CENTER,1000 Mineral Point Ave,PO Box 5003,Janesville,WI,53547,5003,42.686879,-89.032916,55,Rock,55105,NURSING HOME (NH),SNF ONLY,2,23,5007,P310,525666
-87.868865,44.884997,341,47513,WOODLANDS OF OCONTO,101 1st St,,Oconto,WI,54153,1117,44.884997,-87.868865,55,Oconto,55083,NURSING HOME (NH),SNF/NF DUAL CERT,2,21,5009,7660A,525670
-87.929195,43.21851,342,82371,SARAH CHUDNOW CAMPUS,10995 N Market St,,Mequon,WI,53092,4952,43.21851,-87.929195,55,Ozaukee,55089,NURSING HOME (NH),SNF ONLY,2,23,5017,P320,525682
-90.15255,44.696668,343,86228,THREE OAKS HEALTH SERVICES,209 Wilderness View Dr,,Marshfield,WI,54449,8357,44.696668,-90.15255,55,Marathon,55073,NURSING HOME (NH),SNF/NF DUAL CERT,2,21,5018,5400,525684
-89.362401,42.608724,344,87145,WOODS CROSSING AT WOODS POINT,E401 23rd St,,Brodhead,WI,53520,2203,42.608724,-89.362401,55,Rock,55105,NURSING HOME (NH),SNF/NF DUAL CERT,2,21,5019,P330,525683
-88.075119,42.690147,345,147773,WI VETERANS HOME-BOLAND HALL,21425 Spring St,,Union Grove,WI,53182,9707,42.690147,-88.075119,55,Racine,55101,NURSING HOME (NH),SNF/NF DUAL CERT,2,21,5024,9550,525688
-91.069616,43.901057,346,167430,RAVENWOOD BEHAVIORAL HEALTH,962 Garland St E,,West Salem,WI,54669,1308,43.901057,-91.069616,55,La Crosse,55063,NURSING HOME (NH),LICENSED STATE ONLY,2,25,5025,P340,
-88.6987,43.414346,347,170596,CLEARVIEW BEHAVIORAL HEALTH I,198 County Road Df,,Juneau,WI,53039,9515,43.414346,-88.6987,55,Dodge,55027,NURSING HOME (NH),LICENSED STATE ONLY,2,25,5026,P341,
-89.284051,43.156657,348,212611,OAKWOOD VILLAGE EAST HEALTH AND REHAB CENTER,5833 American Pkwy,,Madison,WI,53718,8325,43.156657,-89.284051,55,Dane,55025,NURSING HOME (NH),SNF/NF DUAL CERT,2,21,5029,9822,525692
-89.56466,44.89897,349,277981,RENNES HEALTH AND REHAB CENTER-WESTON,4810 Barbican Ave,,Weston,WI,54476,4186,44.89897,-89.56466,55,Marathon,55073,NURSING HOME (NH),SNF/NF DUAL CERT,2,21,5030,9824,525699
-91.461285,44.778966,350,294563,DOVE HEALTHCARE-SOUTH,3656 Mall Dr,,Eau Claire,WI,54701,7634,44.778966,-91.461285,55,Eau Claire,55035,NURSING HOME (NH),SNF/NF DUAL CERT,2,21,5031,9825,525701
-88.46897,43.05936,351,299484,LAKE COUNTRY HEALTH SERVICES,2195 N Summit Village Way,,Oconomowoc,WI,53066,8675,43.05936,-88.46897,55,Waukesha,55133,NURSING HOME (NH),SNF/NF DUAL CERT,2,21,5032,9826,525702
-88.6987,43.414346,352,344331,CLEARVIEW BRAIN INJURY CENTER,198 County Road Df,,Juneau,WI,53039,9515,43.414346,-88.6987,55,Dodge,55027,NURSING HOME (NH),NF ONLY,2,24,5034,9827,52A461
-88.61234,44.01763,353,344947,EDEN REHAB SUITES AND GREEN HOUSE HOMES,3151 Eden Ct,,Oshkosh,WI,54904,6639,44.01763,-88.61234,55,Winnebago,55139,NURSING HOME (NH),SNF/NF DUAL CERT,2,21,5035,9828,525704
-88.6987,43.414346,354,370875,CLEARVIEW BEHAVIORAL HEALTH II,198 County Road Df,,Juneau,WI,53039,9515,43.414346,-88.6987,55,Dodge,55027,NURSING HOME (NH),LICENSED STATE ONLY,2,25,5036,9830,
-92.700359,45.301707,355,371351,"CHRISTIAN COMMUNITY HOME OF OSCEOLA, INC",2650 65th Ave,,Osceola,WI,54020,4370,45.301707,-92.700359,55,Polk,55095,NURSING HOME (NH),SNF/NF DUAL CERT,2,21,5037,9831,525706
-91.086865,45.473821,356,390329,"LADYSMITH LIVING CENTER, INC",1001 E 11th St N,,Ladysmith,WI,54848,1455,45.473821,-91.086865,55,Rusk,55107,NURSING HOME (NH),SNF/NF DUAL CERT,2,21,5038,9832,525710
-91.358239,44.929754,357,399543,WI VETERANS HOME AT CHIPPEWA FALLS,2175 E Park Ave,,Chippewa Falls,WI,54729,3511,44.929754,-91.358239,55,Chippewa,55017,NURSING HOME (NH),SNF/NF DUAL CERT,2,21,5039,9833,525708
-89.58145,44.8864,358,403653,PRIDE TLC THERAPY AND LIVING CAMPUS,7805 Birch St,,Weston,WI,54476,5219,44.8864,-89.58145,55,Marathon,55073,NURSING HOME (NH),SNF/NF DUAL CERT,2,21,5040,9834,525711
-91.889284,44.887832,359,414773,NEIGHBORS - EAST NEIGHBORHOOD (THE),658 Howison Cir,,Menomonie,WI,54751,1603,44.887832,-91.889284,55,Dunn,55033,NURSING HOME (NH),SNF/NF DUAL CERT,2,21,5041,9835,525713
-91.892198,44.887832,360,414780,NEIGHBORS - WEST NEIGHBORHOOD (THE),651 Howison Cir,,Menomonie,WI,54751,1603,44.887832,-91.892198,55,Dunn,55033,NURSING HOME (NH),SNF/NF DUAL CERT,2,21,5042,9836,525714
-88.372961,44.299662,361,514342,"RECOVERY INN, AN EDURO HEALTHCARE COMMUNITY (THE)",2015 E Enterprise Avenue,,Appleton,WI,54913,,44.299662,-88.372961,55,Outagamie,55087,NURSING HOME (NH),SNF ONLY,2,23,5043,9838,525720
-91.520426,44.796126,362,524691,MARSHFIELD CLINIC COMFORT AND RECOVERY-EAU CLAIRE,2116 Craig Rd,,Eau Claire,WI,54701,6149,44.796126,-91.520426,55,Eau Claire,55035,NURSING HOME (NH),SNF ONLY,2,23,5044,9840,525721
-90.17704,44.67801,363,524872,MARSHFIELD CLINIC COMFORT AND RECOVERY-MARSHFIELD,1000 N Oak Ave,,Marshfield,WI,54449,5703,44.67801,-90.17704,55,Wood,55141,NURSING HOME (NH),SNF ONLY,2,23,5045,9841,525722
-87.948279,43.01242,364,526657,MARSHFIELD CLINIC COMFORT AND RECOVERY-WAUSAU,2727 Plaza Dr,,Wausau,WI,54401,4129,43.01242,-87.948279,55,Marathon,55073,NURSING HOME (NH),SNF ONLY,2,23,5046,9842,525723
-91.453,44.80837,365,540257,GRACE LUTHERAN COMMUNITIES - RIVER PINES,206 N Willson Dr,,Altoona,WI,54720,1274,44.80837,-91.453,55,Eau Claire,55035,NURSING HOME (NH),SNF/NF DUAL CERT,2,21,5047,9843,525724
-91.453,44.80837,366,548758,GRACE LUTH COMMUNITIES-PRAIRIE POINTE REHAB SUITES,286 N Willson Dr,,Altoona,WI,54720,1274,44.80837,-91.453,55,Eau Claire,55035,NURSING HOME (NH),SNF ONLY,2,23,5048,9844,525725
-88.6987,43.414346,367,563780,CLEARVIEW BEHAVIORAL HEALTH III,198 County Road Df,,Juneau,WI,53039,9515,43.414346,-88.6987,55,Dodge,55027,NURSING HOME (NH),LICENSED STATE ONLY,2,25,5049,9845,
-88.6987,43.414346,368,571686,CLEARVIEW BEHAVIORIAL HEALTH IV,198 County Road Df,,Juneau,WI,53039,9515,43.414346,-88.6987,55,Dodge,55027,NURSING HOME (NH),LICENSED STATE ONLY,2,25,5050,9847,
-88.407794,42.57572,369,572162,GOLDEN YEARS OF LAKE GENEVA,611 Harmony Dr,,Lake Geneva,WI,53147,8800,42.57572,-88.407794,55,Walworth,55127,NURSING HOME (NH),SNF ONLY,2,23,5051,9448,525727
-88.989384,42.671822,370,573691,OAK PARK PLACE OF JANESVILLE,700 Myrtle Way,,Janesville,WI,53545,9111,42.671822,-88.989384,55,Rock,55105,NURSING HOME (NH),SNF ONLY,2,23,5052,9849,
-89.449754,43.03881,371,579262,OAK PARK PLACE OF NAKOMA,4327 Nakoma Rd,,Madison,WI,53711,3757,43.03881,-89.449754,55,Dane,55025,NURSING HOME (NH),SNF/NF DUAL CERT,2,21,5053,9850,
-89.381737,43.071709,372,582002,MIR TEST NH,1 W Wilson St,,Madison,WI,53703,3445,43.071709,-89.381737,55,Dane,55025,NURSING HOME (NH),LICENSED STATE ONLY,2,25,,MIR1234,